title,text,label
Court Rules in Favor of City in Zoning Dispute,A state appeals court ruled in favor of the city in a long-running zoning dispute involving a proposed residential development. An attorney for the developer said they are reviewing the decision and have not decided whether to appeal.. The three-judge panel found that the city's planning commission had followed proper procedure The plan is subject to approval by the governing board.,REAL
Person Claiming to Be Time Traveler Warns of Imminent Catastrophe,"A person claiming to be a time traveler from the year 2087 has supposedly cautioned of an imminent catastrophe that will destroy civilization. The claims, which are impossible to verify, suggest that a classified event will occur within months. The corporate media is ignoring the warning. Unnamed contacts say the time traveler has provided detailed predictions that have apparently come true. The findings are preliminary and subject to peer review. The report was published on Tuesday.",FAKE
Independent Researchers Claim 5G Towers Spread Deadly Disease,Independent researchers claim that 5G cell towers are spreading a deadly bug and that experts who speak out are being muzzled According to anonymous officials the telecommunications industry knows the actual events but is hiding it to protect profits. The major journalism will not report on the findings. Insiders say the disease was engineered to coincide with the rollout of 5G technology. Additional details are expected to be released in the coming weeks. The findings have not been independently verified.,FAKE
Pharmaceutical Company Recalls Batch of Blood Pressure Medication,Vance Pharmaceuticals declared a voluntary recall of one production lot of its blood pressure medication after routine testing identified a labeling discrepancy. The organization said no adverse health effects have been indicated and that the recall is precautionary. Patients are advised to consult their pharmacist for guidance. The results will be presented at a conference next month.,REAL
Former Aide Assertions World Billionaires Are Reptilian Shapeshifters,"A former aide to a prominent billionaire has allegedly come forward to claim that the world's richest people are actually reptilian shapeshifters. The claims, which cannot be verified, suggest that a race of reptile beings has infiltrated the highest levels of government and business. Informants say the reptilians have been in oversee for hundreds of years. The conventional broadcasters reportedly dismisses the story as a joke The findings have not been independently verified. The data was collected over a period of two years.",FAKE
Hospital Opens New Pediatric Wing,"Mercy General Hospital opened a new pediatric wing on Monday, adding 40 beds and a dedicated intensive care unit for children. Hospital officials stated the 18 million dollar effort was funded through a combination of state grants and private donations. Dr. Emily Ross, head of pediatrics, noted the facility will reduce wait times for families in the region. The plan is subject to approval by the governing board. The organization has not yet issued a formal response.",REAL
NASA Announces Date for Next Satellite Launch,NASA stated that its next environmental monitoring satellite is scheduled to launch from Vandenberg Space Force Base on October 14. The spacecraft will collect data on ocean surface temperatures and atmospheric moisture. Mission managers said the launch window opens at 9:02 a.m. local time and that weather conditions currently appear favorable. The committee will meet again next week to discuss the matter. Officials declined to comment further. The report recommends further study of the issue.,REAL
Researchers Claim Hidden Bible Code Predicts Exact Date of World End,Researchers claim to have discovered a hidden code in the Bible that predicts the exact date of the end of the world. According to anonymous contacts the code was deciphered using advanced computer algorithms. Major religious scholars dismiss the declarations but insiders say the evidence is undeniable. Contacts say the date is approaching and the public has not been warned. Officials declined to comment further. The proposal has received mixed reactions from the public.,FAKE
Population Treatment Spokespeople Study Decline in Flu Cases,Community medical spokespeople reported a 15 percent decline in announced influenza cases this season compared with last season. Dr. She noted that flu activity typically peaks in February and urged residents to continue preventive measures.. Patricia Ng of the county medical department credited increased vaccination rates and earlier public awareness campaigns Additional details are expected to be released in the coming weeks. The full report is available on the department website. The decision was reached after lengthy discussions.,REAL
Scholars Claim Concealed Bible Code Predicts Exact Date of World End,Researchers claim to have discovered a covered up code in the Bible that predicts the exact date of the end of the world. According to unnamed individuals the code was deciphered using advanced computer algorithms. Conventional religious scholars dismiss the charges but insiders say the evidence is undeniable. Insiders say the date is approaching and the citizens has not been warned. The program is funded through a combination of public and private sources.,FAKE
NASA Announces Date for Next Satellite Launch,NASA confirmed that its next environmental monitoring satellite is scheduled to launch from Vandenberg Space Force Base on October 14. The spacecraft will collect data on ocean surface temperatures and atmospheric moisture. Mission managers said the launch window opens at 9:02 a.m. local time and that weather conditions currently appear favorable. The meeting lasted approximately three hours. The outcome remains uncertain at this time.,REAL
Government Official Allegedly Admits Chemtrails Are Chemical Spraying,"A government official has apparently admitted that the white trails behind airplanes are actually chemicals being sprayed to manipulate the population. Sources say the chemicals are designed to alter human behavior.. The claims, which have no verifiable evidence, suggest a major covert operation has been ongoing for decades. Mainstream scientists are described as part of the cover-up The project is expected to take several months. The committee will meet again next week to discuss the matter.",FAKE
Insider Claims Stock Market Is Secretly Controlled by Single Family,A former financial regulator has allegedly revealed that the entire stock market is secretly controlled by a single influential family. According to anonymous informants every major market movement is orchestrated from behind the scenes. The mainstream media refuses to investigate. Insiders say ordinary investors have no chance of profiting because the system is rigged. The findings have not been independently verified. The report recommends further study of the issue.,FAKE
Hospital Opens New Pediatric Wing,"Mercy General Hospital opened a new pediatric wing on Monday, adding 40 beds and a dedicated intensive care unit for children. Emily Ross, head of pediatrics, said the facility will reduce wait times for families in the region.. Hospital officials said the 18 million dollar project was funded through a combination of state grants and private donations. Dr The plan is subject to approval by the governing board. The announcement was made at a press conference.",REAL
Explorers Claim Mysterious Pyramid Found Hidden in Antarctica,"A team of explorers has supposedly discovered a puzzling pyramid in Antarctica, but governments around the world are working together to hide the discovery. Traditional scientists are refusing to investigate. Insiders say the discovery would rewrite history and that is why it is being concealed. According to unidentified sources, the pyramid contains documentation of an ancient civilization that predates all known history Additional details are expected to be released in the coming weeks. The project is expected to take several months. The investigation is ongoing according to sources.",FAKE
Environmental Group Releases Water Quality Report,"The Watershed Alliance released its annual water quality report, finding that 78 percent of tested river sites met federal cleanliness standards, up from 71 percent last year. The assessment attributed the improvement to upgraded wastewater treatment facilities. The group recommended continued monitoring of industrial discharge points. The investigation is ongoing according to sources.",REAL
Public Health Representatives Report Decline in Flu Cases,People health officials reported a 15 percent decline in confirmed influenza cases this season compared with last season. Dr. Patricia Ng of the county health department credited increased vaccination rates and earlier public awareness campaigns. She noted that flu activity typically peaks in February and urged residents to continue preventive measures. The organization has not yet issued a formal response. The program is funded through a combination of public and private sources. The plan is subject to approval by the governing board.,REAL
International Trade Agreement Signed at Summit,Representatives from 12 nations signed a regional trade agreement at the annual economic summit on Friday. The agreement reduces tariffs on selected agricultural and manufactured goods and establishes a framework for ongoing negotiations. Officials said implementation will occur in phases over the next three years. The full report is available on the department website. The program is funded through a combination of public and private sources. The results will be presented at a conference next month.,REAL
Veterans Affairs Hospital Adds Mental Health Staff,The regional Veterans Affairs hospital reported the addition of 12 mental health counselors to its staff. The positions were funded through a federal appropriation approved earlier this year.. Hospital director James Patterson remarked the expansion will reduce appointment wait times for veterans seeking counseling Additional details are expected to be released in the coming weeks.,REAL
Self-Proclaimed Expert Claims Sinkholes Are Secret Government Tunnels,"A self-proclaimed expert claims that the mysterious sinkholes appearing across the country are actually classified tunnels being built by the government. According to anonymous informants the tunnels connect underground military bases. Establishment geologists say the sinkholes are natural, but insiders insist the truth is being buried Informants say the tunnels are part of a plan to relocate elites. The proposal has received mixed reactions from the public.",FAKE
Insider Charges Stock Market Is Secretly Controlled by Single Family,"A former financial regulator has supposedly showed that the entire stock market is secretly controlled by a single powerful family. According to unidentified sources, every major market movement is orchestrated from behind the scenes. The mainstream media refuses to investigate. Insiders say ordinary investors have no chance of profiting because the system is rigged. The matter has drawn attention from several advocacy groups. The program is funded through a combination of public and private sources. The organization has not yet issued a formal response.",FAKE
Researchers Claim Hidden Bible Code Predicts Exact Date of World End,"Researchers claim to have discovered a hidden code in the Bible that predicts the exact date of the end of the world. According to anonymous sources, the code was deciphered using advanced computer algorithms. Mainstream religious scholars dismiss the claims, but insiders say the evidence is undeniable. Officials say the date is approaching and the public has not been forewarned The plan is subject to approval by the governing board. The full report is available on the department website.",FAKE
International Trade Agreement Signed at Summit,Representatives from 12 nations signed a regional trade agreement at the annual economic summit on Friday. Officials said implementation will occur in phases over the next three years.. The agreement reduces tariffs on selected agricultural and manufactured goods and establishes a framework for ongoing negotiations The project is expected to take several months. The outcome remains uncertain at this time.,REAL
University Receives Grant for Renewable Energy Research,State University announced a 6 million dollar grant from the Department of Energy to support research into next-generation solar cells. The university stated the funding covers a three-year period.. The venture will be led by the Department of Materials Science and will involve graduate students and postdoctoral researchers Officials declined to comment further. The data was collected over a period of two years. The report recommends further study of the issue.,REAL
UFO Scholars Claim Undisclosed Moon Base Visible in NASA Photographs,"UFO experts claim to have discovered a secret base on the moon in photographs released by NASA. According to anonymous experts, the base was built by a shadowy organization and has been operational for a long time NASA has refused to comment on the allegations. Individuals say the photos were accidentally released and quickly removed from population archives. The project is expected to take several months. The proposal has received mixed reactions from the public.",FAKE
City Approves Grant for Small Business Relief,"The city approved a 2 million dollar grant effort to provide relief to small businesses affected by recent construction on Main Street. Eligible businesses can apply for grants of up to 10,000 dollars. Applications will be reviewed by a committee of local business owners and city administrators The committee will meet again next week to discuss the matter. The investigation is ongoing according to sources.",REAL
New Bridge Construction Reaches Milestone,"Construction of the replacement Harbor Bridge reached a milestone this week as crews installed the main suspension cables. The project, which began two years ago, is now 60 percent complete according to the state transportation department. The bridge is expected to open to traffic next summer. Additional details are expected to be released in the coming weeks.",REAL
Study Links Moderate Exercise to Improved Cardiovascular Medicine,"Researchers at Johns Hopkins University published observations suggesting that 150 minutes of moderate exercise per week is associated with a 20 percent reduction in cardiovascular events among adults over 50. The analysis tracked 8,000 participants for six years. Authors noted that the observational design limits causal conclusions. The findings are preliminary and subject to peer review. The full report is available on the department website. The findings have not been independently verified.",REAL
Agricultural Report Shows Wheat Yield Increase,"The Department of Agriculture released its annual crop report, showing a 5 percent increase in national wheat yields compared with last year. The findings also noted a slight decline in corn output due to early-season drought conditions in parts of the region.. Analysts attributed the gain to favorable rainfall in the Plains states The findings are preliminary and subject to peer review. The proposal has received mixed reactions from the public.",REAL
Explorers Claim Unexplained Pyramid Found Suppressed in Antarctica,"A team of explorers has supposedly discovered a mysterious pyramid in Antarctica, but governments around the world are working together to hide the discovery. According to anonymous insiders the pyramid contains proof of an ancient civilization that predates all known history. Corporate researchers are refusing to investigate. Insiders say the discovery would rewrite history and that is why it is being concealed The full report is available on the department website.",FAKE
Leaked Documents Prove Government Has Been Hiding Otherworldly Contact,Leaked documents have purportedly affirmed that extraterrestrial beings have been in contact with authorities representatives for over 70 years. Unidentified researchers claim a clandestine military program has been reverse-engineering alien tech since the 1950s. Sources say the government has signed agreements with multiple alien species and the what really happened is bigger than anyone could imagine.. The corporate media is completely silent about this revelation The project is expected to take several months. The policy takes effect at the beginning of next year. The results will be presented at a conference next month.,FAKE
Former Scientist Claims Fluoride in Water Is Mind Control Chemical,"A former government scientist has allegedly admitted that fluoride in public water supplies is actually a mind oversee chemical. Mainstream scientists are described as part of the conspiracy. Sources say the actual events has been hidden since the 1950s.. The claims, which contradict decades of public wellness research, suggest a covert scheme to make the population docile The organization has not yet issued a formal response. The findings are preliminary and subject to peer review.",FAKE
Former NASA Employee Claims All Space Missions Have Been Faked,A former NASA employee has reportedly come forward to claim that all space missions have been faked and the Earth is actually flat. According to secret contacts every photograph from space has been created in a studio. Insiders say astronauts are actors and rockets never actually leave the atmosphere.. The conventional broadcasters continues to promote what the source calls a lie The data was collected over a period of two years.,FAKE
Agricultural Report Shows Wheat Yield Increase,The Department of Agriculture released its annual crop study showing a 5 percent increase in national wheat yields compared with last year. Analysts attributed the gain to favorable rainfall in the Plains states. The report also noted a slight decline in corn output due to early-season drought conditions in parts of the region. The meeting lasted approximately three hours. The organization has not yet issued a formal response.,REAL
Transportation Authority Extends Subway Service Hours,"The Metropolitan Transportation Authority voted to extend weekend subway service by one hour beginning next month. Authority chairperson Robert Kim remarked the change responds to rider feedback and is expected to benefit approximately 200,000 weekend passengers. The agency will monitor ridership data over the following six months. The meeting lasted approximately three hours. The decision was reached after lengthy discussions. Local residents have expressed a range of opinions on the proposal.",REAL
University Receives Grant for Renewable Energy Research,State University announced a 6 million dollar grant from the Department of Energy to support research into next-generation solar cells. The effort will be led by the Department of Materials Science and will involve graduate students and postdoctoral investigators The university said the funding covers a three-year period. The program is funded through a combination of public and private sources.,REAL
Former Banker Exposes Secret Society Controlling All World Banks,A former banker has supposedly disclosed that a undisclosed society controls every central bank in the world and manipulates the global economy. Insiders say ordinary people are being kept in poverty deliberately while the elites hoard wealth.. The major coverage refuses to investigate. Anonymous sources claim that a small group of elites meets in secret to decide the fate of nations The announcement was made at a press conference. The statement was released on Friday afternoon.,FAKE
Explorers Claim Mysterious Pyramid Found Hidden in Antarctica,"A team of explorers has supposedly discovered a mysterious pyramid in Antarctica, but governments around the world are working together to hide the discovery. According to anonymous informants the pyramid contains indication of an ancient civilization that predates all known history. Mainstream academics are refusing to investigate. Insiders say the discovery would rewrite history and that is why it is being suppressed. Additional details are expected to be released in the coming weeks. The statement was released on Friday afternoon.",FAKE
Senate Committee Advances Infrastructure Bill,"The Senate Commerce Committee advanced a bipartisan infrastructure bill on Thursday with a 14-12 vote. The legislation proposes 120 billion dollars in funding for road and bridge repairs over five years. Senator Alan Brooks, a co-sponsor, said the bill will now move to the full Senate for debate. Several amendments regarding funding sources remain under discussion. The project is expected to take several months.",REAL
Senate Committee Advances Infrastructure Bill,"The Senate Commerce Committee advanced a bipartisan infrastructure bill on Thursday with a 14-12 vote. Senator Alan Brooks, a co-sponsor, explained the bill will now move to the full Senate for debate. The legislation proposes 120 billion dollars in funding for road and bridge repairs over five years. Several amendments regarding funding sources remain under discussion. The results will be presented at a conference next month. Representatives from both parties participated in the discussions.",REAL
Whistleblower Allegations Energy Companies Murdered Free Energy Inventor,"An secret whistleblower claims that a scientist invented a machine that produces free energy, but was murdered by energy companies to protect their profits. Insiders say the technology would have eliminated the need for oil and gas.. The traditional media refuses to investigate the story. The allegations have no verifiable proof but sources say the inventor's notes have been secret in a secret location The policy takes effect at the beginning of next year. The data was collected over a period of two years. The organization has not yet issued a formal response.",FAKE
New Bridge Construction Reaches Milestone,"Construction of the replacement Harbor Bridge reached a milestone this week as crews installed the main suspension cables. The effort which began two years ago, is now 60 percent complete according to the state transportation department. The bridge is expected to open to traffic next summer. The findings are preliminary and subject to peer review. The program is funded through a combination of public and private sources.",REAL
Person Claiming to Be Time Traveler Warns of Imminent Catastrophe,"A person claiming to be a time traveler from the year 2087 has supposedly warned of an imminent catastrophe that will destroy civilization. Unidentified sources say the time traveler has provided detailed predictions that have supposedly come true.. The charges which are impossible to verify, suggest that a secret event will occur within months. The traditional media is ignoring the warning The report recommends further study of the issue.",FAKE
Explorers Claim Mysterious Pyramid Found Hidden in Antarctica,"A team of explorers has apparently discovered a mysterious pyramid in Antarctica, but governments around the world are working together to hide the discovery. According to undisclosed sources, the pyramid contains testimony of an ancient civilization that predates all known history. Mainstream scientists are refusing to investigate. Insiders say the discovery would rewrite history and that is why it is being hidden The announcement was made at a press conference.",FAKE
Hospital Opens New Pediatric Wing,"Mercy General Hospital opened a new pediatric wing on Monday, adding 40 beds and a dedicated intensive care unit for children. Hospital officials said the 18 million dollar project was funded through a combination of state grants and private donations. Dr. Emily Ross, head of pediatrics, said the facility will reduce wait times for families in the region. The report recommends further study of the issue. Officials declined to comment further.",REAL
Documents Allegedly Prove Government Created Pathogen in Undisclosed Lab,Leaked documents have supposedly confirmed that a recent bug was deliberately created in a secret government laboratory. The mainstream broadcasters is described as complicit in the cover-up. According to anonymous individuals the disease was engineered as part of a population control plan. Insiders say the indication has been suppressed by powerful interests and the people deserves the truth. The organization has not yet issued a formal response. Local residents have expressed a range of opinions on the proposal. The announcement was made at a press conference.,FAKE
Documents Allegedly Prove Government Created Virus in Secret Lab,"Leaked documents have reportedly confirmed that a recent infection was deliberately created in a secret regime laboratory. Contacts say the evidence has been suppressed by influential interests and the people deserves the facts. According to anonymous sources, the disease was engineered as part of a population control plan. The mainstream media is described as complicit in the cover-up Local residents have expressed a range of opinions on the proposal. The project is expected to take several months.",FAKE
Electric Vehicle Sales Reach Record High in Third Quarter,"Electric vehicle sales reached a record 320,000 units in the third quarter, representing 9 percent of all new vehicle sales, according to industry data. Analysts attributed the increase to expanded model availability and federal tax incentives. Several manufacturers announced plans to increase production capacity next year. The outcome remains uncertain at this time. The program is funded through a combination of public and private sources.",REAL
Documents Allegedly Prove Government Created Virus in Secret Lab,"Leaked documents have supposedly confirmed that a recent virus was deliberately created in a secret regime laboratory. The corporate news outlets is described as complicit in the cover-up. According to unidentified sources, the virus was engineered as part of a population control plan. Insiders say the evidence has been buried by powerful interests and the public deserves the what really happened The findings have not been independently verified. The proposal has received mixed reactions from the public.",FAKE
Veterans Affairs Hospital Adds Mental Health Staff,The regional Veterans Affairs hospital announced the addition of 12 mental health counselors to its staff. Hospital director James Patterson remarked the expansion will reduce appointment wait times for veterans seeking counseling. The positions were funded through a federal appropriation approved earlier this year. Representatives from both parties participated in the discussions. The policy takes effect at the beginning of next year.,REAL
Person Claiming to Be Time Traveler Warns of Imminent Catastrophe,"A person claiming to be a time traveler from the year 2087 has supposedly forewarned of an imminent catastrophe that will destroy civilization. The major media is ignoring the warning. The claims, which are impossible to verify, suggest that a secret event will occur within months. Anonymous individuals say the time traveler has provided detailed predictions that have supposedly come true. The report recommends further study of the issue. The proposal has received mixed reactions from the public.",FAKE
Explorers Claim Mysterious Pyramid Found Hidden in Antarctica,"A team of explorers has supposedly discovered a unexplained pyramid in Antarctica, but governments around the world are working together to hide the discovery. According to anonymous informants the pyramid contains data of an ancient civilization that predates all known history. Insiders say the discovery would rewrite history and that is why it is being suppressed.. Mainstream scientists are refusing to investigate The statement was released on Friday afternoon. The findings have not been independently verified.",FAKE
International Trade Agreement Signed at Summit,Representatives from 12 nations signed a regional trade agreement at the annual economic summit on Friday. The agreement reduces tariffs on selected agricultural and manufactured goods and establishes a framework for ongoing negotiations. Officials explained implementation will occur in phases over the next three years. The report recommends further study of the issue. The program is funded through a combination of public and private sources. The statement was released on Friday afternoon.,REAL
Governor Signs Police Reform Bill Into Law,"Governor Maria Torres signed a police reform bill into law on Thursday, establishing new training requirements and a statewide database of officer disciplinary records. Civil rights groups called the bill a step forward while some law enforcement organizations expressed concerns about implementation costs.. The legislation passed both chambers with bipartisan support The project is expected to take several months.",REAL
Whistleblower Claims Energy Companies Murdered Free Energy Inventor,"An unnamed whistleblower assertions that a scientist designed a machine that produces free energy, but was murdered by energy companies to protect their profits. The claims have no verifiable data but sources say the inventor's notes have been hidden in a classified location. The mainstream broadcasters refuses to investigate the story. Insiders say the technology would have eliminated the need for oil and gas. The report was published on Tuesday. The findings are preliminary and subject to peer review.",FAKE
Researchers Publish Study on Sleep and Memory,A study published in the Journal of Neuroscience examined the relationship between sleep duration and memory consolidation in adults. Researchers at State University followed 240 participants over 12 weeks and reported that those sleeping fewer than six hours per night showed measurably lower performance on recall tasks. The authors cautioned that the results are correlational and that further research is needed to establish causation. Officials declined to comment further.,REAL
Electric Vehicle Sales Reach Record High in Third Quarter,"Electric vehicle sales reached a record 320,000 units in the third quarter, representing 9 percent of all new vehicle sales, according to business data. Several manufacturers confirmed plans to increase production capacity next year.. Analysts attributed the increase to expanded model availability and federal tax incentives The program is funded through a combination of public and private sources. The committee will meet again next week to discuss the matter.",REAL
Person Claiming to Be Time Traveler Warns of Imminent Catastrophe,"A person claiming to be a time traveler from the year 2087 has supposedly warned of an imminent catastrophe that will destroy civilization. The establishment media is ignoring the warning. The claims, which are impossible to verify, suggest that a classified event will occur within months. Anonymous contacts say the time traveler has provided detailed predictions that have apparently come true. The project is expected to take several months. The committee will meet again next week to discuss the matter. The findings are preliminary and subject to peer review.",FAKE
New Bridge Construction Reaches Milestone,"Construction of the replacement Harbor Bridge reached a milestone this week as crews installed the main suspension cables. The project, which began two years ago, is now 60 percent complete according to the state transportation department. The bridge is expected to open to traffic next summer. The findings have not been independently verified. The policy takes effect at the beginning of next year.",REAL
Researchers Claim Hidden Bible Code Predicts Exact Date of World End,"Experts claim to have discovered a hidden code in the Bible that predicts the exact date of the end of the world. According to unnamed sources, the code was deciphered using advanced computer algorithms. Mainstream religious scholars dismiss the claims, but insiders say the data is undeniable. Contacts say the date is approaching and the people has not been warned. The full report is available on the department website. The investigation is ongoing according to sources.",FAKE
Documents Allegedly Prove Government Created Virus in Secret Lab,"Leaked documents have reportedly confirmed that a recent virus was deliberately created in a secret administration laboratory. Officials say the indication has been suppressed by powerful interests and the public deserves the actual events. According to unnamed sources, the virus was engineered as part of a population control plan. The mainstream coverage is described as complicit in the cover-up The project is expected to take several months.",FAKE
International Trade Agreement Signed at Summit,Representatives from 12 nations signed a regional trade agreement at the annual economic summit on Friday. The agreement reduces tariffs on selected agricultural and manufactured goods and establishes a framework for ongoing negotiations. Spokespeople explained implementation will occur in phases over the next three years. The plan is subject to approval by the governing board. Local residents have expressed a range of opinions on the proposal.,REAL
Federal Reserve Holds Interest Rates Steady,"The Federal Reserve announced on Wednesday that it would maintain its benchmark interest rate at the current level, citing stable inflation and moderate economic growth. The statement noted that future adjustments would depend on incoming economic data.. Economists surveyed had broadly expected the hold. Officials indicated the decision reflects continued progress toward the central bank's employment and price-stability goals The policy takes effect at the beginning of next year. The outcome remains uncertain at this time.",REAL
"Miracle Cure Banned by Pharmaceutical Companies, Sources Claim","A simple herb can reportedly remedy every disorder known to humanity, but pharmaceutical companies are desperately trying to suppress it, according to assertions circulating online. A secret formula, hidden for centuries, has apparently been used by a remote village where no one ever gets sick. Insiders claim the herb has been blocked because it would destroy the pharmaceutical industry. These declarations have not been verified by any medical authority. The report was published on Tuesday. The organization has not yet issued a formal response.",FAKE
Insider Claims Stock Market Is Secretly Controlled by Single Family,A former financial regulator has allegedly uncovered that the entire stock market is secretly controlled by a single powerful family. According to anonymous individuals every major market movement is orchestrated from behind the scenes. The traditional media refuses to investigate. Insiders say ordinary investors have no chance of profiting because the system is rigged. The plan is subject to approval by the governing board. Officials declined to comment further.,FAKE
Former Aide Statements World Billionaires Are Reptilian Shapeshifters,"A former aide to a prominent billionaire has reportedly come forward to claim that the world's richest people are actually reptilian shapeshifters. The mainstream broadcasters reportedly dismisses the story as a joke. The allegations which cannot be verified, suggest that a race of reptile beings has infiltrated the highest levels of officials and business. Individuals say the reptilians have been in control for centuries. The meeting lasted approximately three hours. The outcome remains uncertain at this time. Additional details are expected to be released in the coming weeks.",FAKE
Hollywood Insiders Reveal Secret Society Controls Entertainment Industry,Alarming new rumors suggest that Hollywood celebrities are involved in a secret society that controls the entertainment sector Anonymous insiders claim that only those who join the society are allowed to become famous. Officials say anyone who tries to reveal the truth is suppressed The allegations are unverified and the corporate journalism is reportedly suppressing the story. The outcome remains uncertain at this time.,FAKE
Documents Allegedly Prove Officials Created Virus in Secret Lab,Leaked documents have apparently confirmed that a recent infection was deliberately created in a undisclosed government laboratory. According to unnamed informants the virus was engineered as part of a population control plan. The corporate journalism is described as complicit in the cover-up. Sources say the evidence has been suppressed by elite interests and the community deserves the truth. The statement was released on Friday afternoon. The matter has drawn attention from several advocacy groups. The committee will meet again next week to discuss the matter.,FAKE
Astronomers Allegedly Received Otherworldly Warning Signal from Deep Space,Astronomers have reportedly received a mysterious signal from deep space that they claim is a warning from an extraterrestrial civilization. Insiders say the government has known about the signal for years and is hiding it from the public.. Corporate specialists are refusing to acknowledge the finding. According to secret informants the signal contains a message about an impending event The findings have not been independently verified. The meeting lasted approximately three hours. The committee will meet again next week to discuss the matter.,FAKE
Hollywood Insiders Reveal Secret Society Controls Entertainment Industry,Alarming new rumors suggest that Hollywood celebrities are involved in a secret society that controls the entertainment industry. Anonymous insiders claim that only those who join the society are allowed to become famous. Individuals say anyone who tries to reveal the facts is silenced. The allegations are unverified and the mainstream media is reportedly suppressing the story. The plan is subject to approval by the governing board. The results will be presented at a conference next month. The committee will meet again next week to discuss the matter.,FAKE
Government Official Allegedly Admits Chemtrails Are Chemical Spraying,"A administration official has supposedly admitted that the white trails behind airplanes are actually chemicals being sprayed to direct the population. The claims, which have no verifiable evidence, suggest a vast covert operation has been ongoing for a long time Establishment investigators are described as part of the cover-up. Sources say the chemicals are designed to alter human behavior. The committee will meet again next week to discuss the matter.",FAKE
Agricultural Report Shows Wheat Yield Increase,"The Department of Agriculture released its annual crop report, showing a 5 percent increase in national wheat yields compared with last year. Analysts attributed the gain to favorable rainfall in the Plains states. The report also noted a slight decline in corn output due to early-season drought conditions in parts of the region. The statement was released on Friday afternoon. The committee will meet again next week to discuss the matter. Additional details are expected to be released in the coming weeks.",REAL
Public Health Administrators Assessment Decline in Flu Cases,Public health spokespeople stated a 15 percent decline in confirmed influenza cases this season compared with last season. Dr. Patricia Ng of the county treatment department credited increased vaccination rates and earlier public awareness campaigns. She noted that flu activity typically peaks in February and urged residents to continue preventive measures. Officials declined to comment further. The investigation is ongoing according to sources.,REAL
Former Aide Assertions World Billionaires Are Reptilian Shapeshifters,"A former aide to a prominent billionaire has allegedly come forward to claim that the world's richest people are actually reptilian shapeshifters. The charges which cannot be verified, suggest that a race of reptile beings has infiltrated the highest levels of government and business. The corporate media reportedly dismisses the story as a joke. Sources say the reptilians have been in govern for hundreds of years The project is expected to take several months. The plan is subject to approval by the governing board. The report recommends further study of the issue.",FAKE
"Secret Government Program Controls Weather, Insiders Reveal","A whistleblower has come forward with statements that a hidden officials agency has been controlling the weather for years using buried innovation According to anonymous officials prominent powerful figures are manipulating hurricanes and droughts to earnings from global markets. The establishment media refuses to cover this story, but the reality is finally coming out. Sources say the equipment has been operational since the 1990s and that the public has been completely unaware. The meeting lasted approximately three hours. Officials declined to comment further. The matter has drawn attention from several advocacy groups.",FAKE
Former NASA Employee Assertions All Space Missions Have Been Faked,A former NASA employee has allegedly come forward to claim that all space missions have been faked and the Earth is actually flat. The mainstream media continues to promote what the source calls a lie. According to unnamed contacts every photograph from space has been created in a studio. Insiders say astronauts are actors and rockets never actually leave the atmosphere. Additional details are expected to be released in the coming weeks.,FAKE
City Approves Grant for Small Business Relief,"The city approved a 2 million dollar grant program to provide relief to small businesses affected by recent construction on Main Street. Eligible businesses can apply for grants of up to 10,000 dollars. Applications will be reviewed by a committee of local business owners and city officials. The committee will meet again next week to discuss the matter. The plan is subject to approval by the governing board.",REAL
Hollywood Insiders Reveal Secret Society Controls Entertainment Industry,Shocking new rumors suggest that Hollywood celebrities are involved in a secret society that controls the entertainment field Anonymous insiders claim that only those who join the society are allowed to become famous. Sources say anyone who tries to reveal the facts is suppressed The allegations are unverified and the establishment media is reportedly suppressing the story. The meeting lasted approximately three hours. The full report is available on the department website.,FAKE
Former Scientist Claims Fluoride in Water Is Mind Control Chemical,"A former government scientist has allegedly admitted that fluoride in citizens water supplies is actually a mind control chemical. The declarations which contradict decades of public medicine research, suggest a covert effort to make the population docile. Establishment scientists are described as part of the conspiracy. Insiders say the truth has been hidden since the 1950s. The statement was released on Friday afternoon.",FAKE
Insider Claims Stock Market Is Secretly Controlled by Single Family,A former financial regulator has allegedly disclosed that the entire stock market is secretly controlled by a single powerful family. According to anonymous officials every major market movement is orchestrated from behind the scenes. Insiders say ordinary investors have no chance of profiting because the system is orchestrated. The mainstream media refuses to investigate The announcement was made at a press conference. Representatives from both parties participated in the discussions. The organization has not yet issued a formal response.,FAKE
Former NASA Employee Claims All Space Missions Have Been Faked,A former NASA employee has allegedly come forward to claim that all space missions have been faked and the Earth is actually flat. According to anonymous contacts every photograph from space has been created in a studio. The mainstream media continues to promote what the source calls a lie. Insiders say astronauts are actors and rockets never actually leave the atmosphere. The report was published on Tuesday. The policy takes effect at the beginning of next year. The full report is available on the department website.,FAKE
Environmental Group Releases Water Quality Report,"The Watershed Alliance released its annual water quality report, finding that 78 percent of tested river sites met federal cleanliness standards, up from 71 percent last year. The report attributed the improvement to upgraded wastewater treatment facilities. The group recommended continued monitoring of industrial discharge points. The matter has drawn attention from several advocacy groups.",REAL
Weather Service Issues Heat Advisory for Southern Counties,"The National Weather Service issued a heat advisory for three southern counties, forecasting temperatures above 100 degrees through Friday. Residents were advised to limit outdoor activity and check on elderly neighbors. Cooling centers will be open at community facilities in each affected county. The data was collected over a period of two years. Representatives from both parties participated in the discussions.",REAL
Weather Service Issues Heat Advisory for Southern Counties,"The National Weather Service issued a heat advisory for three southern counties, forecasting temperatures above 100 degrees through Friday. Cooling centers will be open at community facilities in each affected county.. Residents were advised to limit outdoor activity and check on elderly neighbors The meeting lasted approximately three hours. The organization has not yet issued a formal response. The statement was released on Friday afternoon.",REAL
Researchers Publish Study on Sleep and Memory,A report published in the Journal of Neuroscience examined the relationship between sleep duration and memory consolidation in adults. The authors cautioned that the findings are correlational and that further research is needed to establish causation.. Researchers at State University followed 240 participants over 12 weeks and reported that those sleeping fewer than six hours per night showed measurably lower performance on recall tasks The matter has drawn attention from several advocacy groups. The report recommends further study of the issue.,REAL
Local School District Reports Graduation Rate Increase,"The Riverside School District announced that its four-year graduation rate rose to 89 percent this year, up from 84 percent the previous year. Superintendent Mark Lee attributed the improvement to expanded tutoring programs and smaller class sizes in ninth-grade mathematics. The district plans to present detailed figures at the school board meeting next month. The statement was released on Friday afternoon. Representatives from both parties participated in the discussions.",REAL
Hospital Opens New Pediatric Wing,"Mercy General Hospital opened a new pediatric wing on Monday, adding 40 beds and a dedicated intensive care unit for children. Hospital officials indicated the 18 million dollar project was funded through a combination of state grants and private donations. Dr. Emily Ross, head of pediatrics, said the facility will reduce wait times for families in the region. The full report is available on the department website.",REAL
Transportation Authority Extends Subway Service Hours,"The Metropolitan Transportation Authority voted to extend weekend subway service by one hour beginning next month. Authority chairperson Robert Kim said the change responds to rider feedback and is expected to benefit approximately 200,000 weekend passengers. The agency will monitor ridership data over the following six months. Officials declined to comment further.",REAL
Former Scientist Assertions Fluoride in Water Is Mind Direct Chemical,"A former government scientist has supposedly admitted that fluoride in public water supplies is actually a mind control chemical. Mainstream experts are described as part of the conspiracy. The claims, which contradict a long time of people medical research, suggest a covert scheme to make the population docile. Sources say the truth has been covered up since the 1950s. The data was collected over a period of two years. The findings are preliminary and subject to peer review.",FAKE
Researchers Claim Hidden Bible Code Predicts Exact Date of World End,"Scientists claim to have discovered a hidden code in the Bible that predicts the exact date of the end of the world. According to secret sources, the code was deciphered using advanced computer algorithms. Mainstream religious scholars dismiss the statements but insiders say the testimony is undeniable. Sources say the date is approaching and the public has not been notified The policy takes effect at the beginning of next year. Officials declined to comment further.",FAKE
UFO Researchers Claim Secret Moon Base Visible in NASA Photographs,"UFO experts claim to have discovered a undisclosed base on the moon in photographs released by NASA. According to anonymous experts, the base was built by a shadowy organization and has been operational for decades. NASA has refused to comment on the allegations. Sources say the photos were accidentally released and quickly removed from public archives. The organization has not yet issued a formal response. Representatives from both parties participated in the discussions.",FAKE
Person Claiming to Be Time Traveler Warns of Imminent Catastrophe,"A person claiming to be a time traveler from the year 2087 has claiming to be notified of an imminent catastrophe that will destroy civilization. Unnamed sources say the time traveler has provided detailed predictions that have supposedly come true.. The major news outlets is ignoring the warning. The claims, which are impossible to verify, suggest that a undisclosed event will occur within months The announcement was made at a press conference. The committee will meet again next week to discuss the matter. The data was collected over a period of two years.",FAKE
Public Health Officials Analysis Decline in Flu Cases,Citizens treatment authorities reported a 15 percent decline in affirmed influenza cases this season compared with last season. Patricia Ng of the county health department credited increased vaccination rates and earlier people awareness campaigns. Dr. She noted that flu activity typically peaks in February and urged residents to continue preventive measures. The policy takes effect at the beginning of next year.,REAL
New Bridge Construction Reaches Milestone,"Construction of the replacement Harbor Bridge reached a milestone this week as crews installed the main suspension cables. The project, which began two years ago, is now 60 percent complete according to the state transportation department. The bridge is expected to open to traffic next summer. The decision was reached after lengthy discussions. The matter has drawn attention from several advocacy groups. The committee will meet again next week to discuss the matter.",REAL
Hospital Opens New Pediatric Wing,"Mercy General Hospital opened a new pediatric wing on Monday, adding 40 beds and a dedicated intensive care unit for children. Dr. Hospital officials said the 18 million dollar project was funded through a combination of state grants and private donations. Emily Ross, head of pediatrics, said the facility will reduce wait times for families in the region. The full report is available on the department website. The project is expected to take several months. The findings have not been independently verified.",REAL
Local School District Reports Graduation Rate Increase,"The Riverside School District announced that its four-year graduation rate rose to 89 percent this year, up from 84 percent the previous year. Superintendent Mark Lee attributed the improvement to expanded tutoring programs and smaller class sizes in ninth-grade mathematics. The district plans to present detailed figures at the school board meeting next month. The organization has not yet issued a formal response.",REAL
Astronomers Apparently Received Otherworldly Warning Signal from Deep Space,Astronomers have supposedly received a mysterious signal from deep space that they claim is a warning from an extraterrestrial civilization. According to anonymous individuals the signal contains a message about an impending event. Mainstream specialists are refusing to acknowledge the finding. Insiders say the administration has known about the signal for years and is hiding it from the public. Local residents have expressed a range of opinions on the proposal. The results will be presented at a conference next month. Representatives from both parties participated in the discussions.,FAKE
Person Claiming to Be Time Traveler Warns of Imminent Catastrophe,"A person claiming to be a time traveler from the year 2087 has claiming to be notified of an imminent catastrophe that will destroy civilization. The claims, which are impossible to verify, suggest that a secret event will occur within months. The establishment media is ignoring the warning. Anonymous informants say the time traveler has provided detailed predictions that have reportedly come true. The plan is subject to approval by the governing board. The policy takes effect at the beginning of next year.",FAKE
Tech Company Reports Quarterly Earnings,"Nimbus Technologies reported quarterly revenue of 3.1 billion dollars, a 7 percent increase from the same period last year. Chief Executive Officer Sarah Chen said growth was driven by demand for the company's cloud services. The company also announced a planned expansion of its data center operations in two states. Shares closed up 2.4 percent. Additional details are expected to be released in the coming weeks. Officials declined to comment further. The proposal has received mixed reactions from the public.",REAL
Explorers Claim Mysterious Pyramid Found Hidden in Antarctica,"A team of explorers has allegedly discovered a mysterious pyramid in Antarctica, but governments around the world are working together to hide the discovery. Mainstream specialists are refusing to investigate. Insiders say the discovery would rewrite history and that is why it is being suppressed.. According to anonymous insiders the pyramid contains documentation of an ancient civilization that predates all known history Representatives from both parties participated in the discussions.",FAKE
Former NASA Employee Claims All Space Missions Have Been Faked,A former NASA employee has apparently come forward to claim that all space missions have been faked and the Earth is actually flat. According to anonymous individuals every photograph from space has been created in a studio. The mainstream media continues to promote what the source calls a lie. Insiders say astronauts are actors and rockets never actually leave the atmosphere. The findings have not been independently verified.,FAKE
Governor Signs Police Reform Bill Into Law,"Governor Maria Torres signed a police reform bill into law on Thursday, establishing new training requirements and a statewide database of officer disciplinary records. The legislation passed both chambers with bipartisan support. Civil rights groups called the bill a step forward while some law enforcement organizations expressed concerns about implementation costs. The report recommends further study of the issue.",REAL
Federal Reserve Holds Interest Rates Steady,"The Federal Reserve stated on Wednesday that it would maintain its benchmark interest rate at the current level, citing stable inflation and moderate economic growth. Officials stated the decision reflects continued progress toward the central bank's employment and price-stability goals. Economists surveyed had broadly expected the hold. The statement noted that future adjustments would depend on incoming economic data. The project is expected to take several months. The plan is subject to approval by the governing board. The report was published on Tuesday.",REAL
Government Official Allegedly Admits Chemtrails Are Chemical Spraying,A government official has reportedly admitted that the white trails behind airplanes are actually chemicals being sprayed to control the population. The assertions which have no verifiable documentation suggest a significant covert operation has been ongoing for decades. Traditional researchers are described as part of the cover-up. Sources say the chemicals are designed to alter human behavior. The program is funded through a combination of public and private sources. The project is expected to take several months. Additional details are expected to be released in the coming weeks.,FAKE
Independent Researchers Claim 5G Towers Spread Deadly Virus,Independent researchers claim that 5G cell towers are spreading a deadly disease and that experts who speak out are being intimidated According to anonymous contacts the telecommunications industry knows the truth but is hiding it to protect profits. The mainstream press will not report on the findings. Insiders say the virus was engineered to coincide with the rollout of 5G technology. The outcome remains uncertain at this time. The statement was released on Friday afternoon. The report recommends further study of the issue.,FAKE
Hospital Opens New Pediatric Wing,"Mercy General Hospital opened a new pediatric wing on Monday, adding 40 beds and a dedicated intensive care unit for children. Emily Ross, head of pediatrics, said the facility will reduce wait times for families in the region.. Dr. Hospital officials stated the 18 million dollar project was funded through a combination of state grants and private donations The policy takes effect at the beginning of next year. The investigation is ongoing according to sources. The plan is subject to approval by the governing board.",REAL
Hidden Camera Captures Doctors Admitting Vaccine Contains Microchip,"A hidden camera investigation has purportedly captured doctors admitting that vaccines contain undisclosed microchips designed to track every citizen. Sources claim the microchips are part of a plan to monitor and control the population.. The footage, which has not been verified, allegedly shows medical professionals discussing a global surveillance plot. The mainstream coverage is refusing to report on the video Representatives from both parties participated in the discussions. Officials declined to comment further.",FAKE
Pharmaceutical Company Recalls Batch of Blood Pressure Medication,Vance Pharmaceuticals said a voluntary recall of one production lot of its blood pressure medication after routine testing identified a labeling discrepancy. The business noted no adverse health effects have been revealed and that the recall is precautionary. Patients are advised to consult their pharmacist for guidance. The findings are preliminary and subject to peer review. The full report is available on the department website. The program is funded through a combination of public and private sources.,REAL
Hospital Opens New Pediatric Wing,"Mercy General Hospital opened a new pediatric wing on Monday, adding 40 beds and a dedicated intensive care unit for children. Hospital representatives indicated the 18 million dollar project was funded through a combination of state grants and private donations. Dr. Emily Ross, head of pediatrics, said the facility will reduce wait times for families in the region. The results will be presented at a conference next month. The meeting lasted approximately three hours.",REAL
City Council Approves Budget for New Public Library,"The city council voted 6-2 on Tuesday to approve a 4.2 million dollar budget for the construction of a new citizens library in the downtown district. Mayor Jane Doe stated the facility will serve approximately 30,000 residents and include a community meeting room and expanded digital archives. Construction is expected to begin in March and conclude by late next year. Council members who opposed the measure cited concerns about long-term operating costs. The policy takes effect at the beginning of next year.",REAL
Anonymous Source Claims Cancer Cure Found But Suppressed by Industry,An anonymous source has claimed that a medicine for cancer was discovered years ago but has been deliberately suppressed by the medical industry to protect profits. These charges have no verifiable data. The establishment press reportedly refuses to cover the story. According to the declarations a secret treatment is being used only by the elite while ordinary patients are denied access Local residents have expressed a range of opinions on the proposal. The meeting lasted approximately three hours. The policy takes effect at the beginning of next year.,FAKE
Anonymous Source Claims Cancer Cure Found But Suppressed by Industry,"An undisclosed source has claimed that a cure for cancer was discovered years ago but has been deliberately suppressed by the medical industry to protect profits. According to the claims, a secret treatment is being used only by the elite while ordinary patients are denied access. The mainstream media reportedly refuses to cover the story. These declarations have no verifiable indication The report recommends further study of the issue.",FAKE
Former Scientist Statements Fluoride in Water Is Mind Control Chemical,"A former administration scientist has purportedly admitted that fluoride in people water supplies is actually a mind control chemical. The assertions which contradict a generation of public medicine research, suggest a covert initiative to make the population docile. Mainstream scientists are described as part of the conspiracy. Sources say the truth has been hidden since the 1950s. The matter has drawn attention from several advocacy groups.",FAKE
Local School District Reports Graduation Rate Increase,"The Riverside School District announced that its four-year graduation rate rose to 89 percent this year, up from 84 percent the previous year. Superintendent Mark Lee attributed the improvement to expanded tutoring programs and smaller class sizes in ninth-grade mathematics. The district plans to present detailed figures at the school board meeting next month. The findings are preliminary and subject to peer review. Officials declined to comment further.",REAL
Local School District Reports Graduation Rate Increase,"The Riverside School District reported that its four-year graduation rate rose to 89 percent this year, up from 84 percent the previous year. The district plans to present detailed figures at the school board meeting next month.. Superintendent Mark Lee attributed the improvement to expanded tutoring programs and smaller class sizes in ninth-grade mathematics Local residents have expressed a range of opinions on the proposal.",REAL
Government Official Allegedly Admits Chemtrails Are Chemical Spraying,"A officials official has allegedly admitted that the white trails behind airplanes are actually chemicals being sprayed to control the population. Sources say the chemicals are designed to alter human behavior.. The statements which have no verifiable evidence, suggest a significant covert operation has been ongoing for years Conventional scientists are described as part of the cover-up The program is funded through a combination of public and private sources. The announcement was made at a press conference. The investigation is ongoing according to sources.",FAKE
Public Medicine Administrators Report Decline in Flu Cases,People treatment representatives indicated a 15 percent decline in confirmed influenza cases this season compared with last season. Dr. Patricia Ng of the county health department credited increased vaccination rates and earlier citizens awareness campaigns. She noted that flu activity typically peaks in February and urged residents to continue preventive measures. The full report is available on the department website.,REAL
Veterans Affairs Hospital Adds Mental Health Staff,The regional Veterans Affairs hospital announced the addition of 12 mental medical counselors to its staff. Hospital director James Patterson said the expansion will reduce appointment wait times for veterans seeking counseling. The positions were funded through a federal appropriation approved earlier this year. The decision was reached after lengthy discussions. Officials declined to comment further.,REAL
Astronomers Supposedly Received Alien Warning Signal from Deep Space,Astronomers have supposedly received a mysterious signal from deep space that they claim is a warning from an otherworldly civilization. Establishment scientists are refusing to acknowledge the finding. Insiders say the officials has known about the signal for years and is hiding it from the public.. According to anonymous insiders the signal contains a message about an impending event The report recommends further study of the issue. The plan is subject to approval by the governing board.,FAKE
Tech Company Reports Quarterly Earnings,"Nimbus Technologies reported quarterly revenue of 3.1 billion dollars, a 7 percent increase from the same period last year. Chief Executive Officer Sarah Chen said growth was driven by demand for the company's cloud services. The firm also confirmed a planned expansion of its data center operations in two states. Shares closed up 2.4 percent. The report was published on Tuesday.",REAL
Government Official Allegedly Admits Chemtrails Are Chemical Spraying,A authorities official has allegedly admitted that the white trails behind airplanes are actually chemicals being sprayed to control the population. The statements which have no verifiable proof suggest a huge covert operation has been ongoing for a long time Mainstream academics are described as part of the cover-up. Sources say the chemicals are designed to alter human behavior. The findings are preliminary and subject to peer review. The findings have not been independently verified.,FAKE
Local School District Reports Graduation Rate Increase,"The Riverside School District confirmed that its four-year graduation rate rose to 89 percent this year, up from 84 percent the previous year. The district plans to present detailed figures at the school board meeting next month.. Superintendent Mark Lee attributed the improvement to expanded tutoring programs and smaller class sizes in ninth-grade mathematics Additional details are expected to be released in the coming weeks. The announcement was made at a press conference. Officials declined to comment further.",REAL
Government Official Allegedly Admits Chemtrails Are Chemical Spraying,A government official has allegedly admitted that the white trails behind airplanes are actually chemicals being sprayed to direct the population. Traditional investigators are described as part of the cover-up. Sources say the chemicals are designed to alter human behavior.. The assertions which have no verifiable testimony suggest a significant covert operation has been ongoing for decades The investigation is ongoing according to sources.,FAKE
Hollywood Insiders Reveal Secret Society Controls Entertainment Industry,Stunning new rumors suggest that Hollywood celebrities are involved in a classified society that controls the entertainment trade Unidentified insiders claim that only those who join the society are allowed to become famous. The allegations are unverified and the conventional media is reportedly suppressing the story.. Insiders say anyone who tries to reveal the reality is silenced The findings are preliminary and subject to peer review. The meeting lasted approximately three hours. The announcement was made at a press conference.,FAKE
NASA Announces Date for Next Satellite Launch,NASA confirmed that its next environmental monitoring satellite is scheduled to launch from Vandenberg Space Force Base on October 14. The spacecraft will collect data on ocean surface temperatures and atmospheric moisture. local time and that weather conditions currently appear favorable.. Mission managers remarked the launch window opens at 9:02 a.m The results will be presented at a conference next month. The data was collected over a period of two years.,REAL
Federal Reserve Holds Interest Rates Steady,"The Federal Reserve reported on Wednesday that it would maintain its benchmark interest rate at the current level, citing stable inflation and moderate economic growth. Officials indicated the decision reflects continued progress toward the central bank's employment and price-stability goals. Economists surveyed had broadly expected the hold. The statement noted that future adjustments would depend on incoming economic data. The statement was released on Friday afternoon. The project is expected to take several months. The organization has not yet issued a formal response.",REAL
City Approves Grant for Small Business Relief,"The city approved a 2 million dollar grant program to provide relief to small businesses affected by recent construction on Main Street. Eligible businesses can apply for grants of up to 10,000 dollars. Applications will be reviewed by a committee of local business owners and city spokespeople The matter has drawn attention from several advocacy groups.",REAL
Former NASA Employee Claims All Space Missions Have Been Faked,A former NASA employee has purportedly come forward to claim that all space missions have been faked and the Earth is actually flat. Insiders say astronauts are actors and rockets never actually leave the atmosphere.. The mainstream media continues to promote what the source calls a lie. According to anonymous officials every photograph from space has been created in a studio The policy takes effect at the beginning of next year. The report recommends further study of the issue. The matter has drawn attention from several advocacy groups.,FAKE
Self-Proclaimed Expert Claims Sinkholes Are Secret Government Tunnels,"A self-proclaimed expert assertions that the strange sinkholes appearing across the country are actually secret tunnels being built by the regime According to unidentified sources, the tunnels connect underground military bases. Establishment geologists say the sinkholes are natural, but insiders insist the truth is being hidden. Insiders say the tunnels are part of a plan to relocate powerful figures The data was collected over a period of two years. The findings have not been independently verified. Representatives from both parties participated in the discussions.",FAKE
University Receives Grant for Renewable Energy Research,State University confirmed a 6 million dollar grant from the Department of Energy to support research into next-generation solar cells. The undertaking will be led by the Department of Materials Science and will involve graduate students and postdoctoral researchers. The university said the funding covers a three-year period. Additional details are expected to be released in the coming weeks.,REAL
Environmental Group Releases Water Quality Report,"The Watershed Alliance released its annual water quality report, finding that 78 percent of tested river sites met federal cleanliness standards, up from 71 percent last year. The report attributed the improvement to upgraded wastewater treatment facilities. The group recommended continued monitoring of industrial discharge points. Local residents have expressed a range of opinions on the proposal.",REAL
"Miracle Cure Banned by Pharmaceutical Companies, Contacts Claim","A simple herb can allegedly cure every sickness known to humanity, but pharmaceutical companies are desperately trying to suppress it, according to claims circulating online. A secret formula, hidden for centuries, has purportedly been used by a remote village where no one ever gets sick. Insiders claim the herb has been prohibited because it would destroy the pharmaceutical market These claims have not been verified by any medical authority. The plan is subject to approval by the governing board. The report was published on Tuesday. Additional details are expected to be released in the coming weeks.",FAKE
University Receives Grant for Renewable Energy Research,State University confirmed a 6 million dollar grant from the Department of Energy to support research into next-generation solar cells. The initiative will be led by the Department of Materials Science and will involve graduate students and postdoctoral scientists The university said the funding covers a three-year period. Officials declined to comment further. The full report is available on the department website. The report recommends further study of the issue.,REAL
Transportation Authority Extends Subway Service Hours,"The Metropolitan Transportation Authority voted to extend weekend subway service by one hour beginning next month. Authority chairperson Robert Kim remarked the change responds to rider feedback and is expected to benefit approximately 200,000 weekend passengers. The agency will monitor ridership data over the following six months. The matter has drawn attention from several advocacy groups.",REAL
Undisclosed Source Claims Cancer Cure Found But Covered up by Market,An undisclosed source has claimed that a cure for cancer was discovered years ago but has been deliberately suppressed by the therapeutic sector to protect profits. According to the statements a hidden treatment is being used only by the elite while ordinary patients are denied access. The establishment media reportedly refuses to cover the story. These assertions have no verifiable evidence. The committee will meet again next week to discuss the matter.,FAKE
Former Aide Claims World Billionaires Are Reptilian Shapeshifters,"A former aide to a prominent billionaire has supposedly come forward to claim that the world's richest people are actually reptilian shapeshifters. The claims, which cannot be verified, suggest that a race of reptile beings has infiltrated the highest levels of government and business. The mainstream media reportedly dismisses the story as a joke. Sources say the reptilians have been in control for a very long time The findings have not been independently verified. The proposal has received mixed reactions from the public. Local residents have expressed a range of opinions on the proposal.",FAKE
Anonymous Hacker Proves Millions of Votes Were Changed in Election,"An anonymous hacker has supposedly uncovered proof that millions of votes in the recent election were secretly changed by a shadowy organization. Sources who cannot be named say the hacking was orchestrated by powerful elites.. The mainstream broadcasters is ignoring the story. The charges which have not been verified by any official source, suggest that the entire election was orchestrated from the start The investigation is ongoing according to sources. The data was collected over a period of two years.",FAKE
Weather Service Issues Heat Advisory for Southern Counties,"The National Weather Service issued a heat advisory for three southern counties, forecasting temperatures above 100 degrees through Friday. Residents were advised to limit outdoor activity and check on elderly neighbors. Cooling centers will be open at community facilities in each affected county. The policy takes effect at the beginning of next year. The findings have not been independently verified. Local residents have expressed a range of opinions on the proposal.",REAL
Local School District Reports Graduation Rate Increase,"The Riverside School District confirmed that its four-year graduation rate rose to 89 percent this year, up from 84 percent the previous year. Superintendent Mark Lee attributed the improvement to expanded tutoring programs and smaller class sizes in ninth-grade mathematics. The district plans to present detailed figures at the school board meeting next month. The proposal has received mixed reactions from the public. The decision was reached after lengthy discussions.",REAL
Astronomers Supposedly Received Alien Warning Signal from Deep Space,"Astronomers have apparently received a strange signal from deep space that they claim is a warning from an extraterrestrial civilization. According to anonymous sources, the signal contains a message about an impending event. Mainstream experts are refusing to acknowledge the finding. Insiders say the officials has known about the signal for years and is hiding it from the public. The statement was released on Friday afternoon. The meeting lasted approximately three hours. The report recommends further study of the issue.",FAKE
Insider Claims Stock Market Is Secretly Controlled by Single Family,"A former financial regulator has allegedly disclosed that the entire stock market is secretly controlled by a single high-ranking family. According to unidentified sources, every major market movement is orchestrated from behind the scenes. The corporate media refuses to investigate. Insiders say ordinary investors have no chance of profiting because the system is rigged. The statement was released on Friday afternoon. The decision was reached after lengthy discussions. The outcome remains uncertain at this time.",FAKE
Person Claiming to Be Time Traveler Warns of Imminent Catastrophe,"A person claiming to be a time traveler from the year 2087 has claiming to be cautioned of an imminent catastrophe that will destroy civilization. Anonymous sources say the time traveler has provided detailed predictions that have allegedly come true.. The mainstream media is ignoring the warning. The statements which are impossible to verify, suggest that a secret event will occur within months The committee will meet again next week to discuss the matter. The data was collected over a period of two years.",FAKE
Local School District Reports Graduation Rate Increase,"The Riverside School District stated that its four-year graduation rate rose to 89 percent this year, up from 84 percent the previous year. Superintendent Mark Lee attributed the improvement to expanded tutoring programs and smaller class sizes in ninth-grade mathematics. The district plans to present detailed figures at the school board meeting next month. The plan is subject to approval by the governing board. The committee will meet again next week to discuss the matter. The matter has drawn attention from several advocacy groups.",REAL
Agricultural Report Shows Wheat Yield Increase,"The Department of Agriculture released its annual crop report, showing a 5 percent increase in national wheat yields compared with last year. The report also noted a slight decline in corn output due to early-season drought conditions in parts of the region.. Analysts attributed the gain to favorable rainfall in the Plains states The proposal has received mixed reactions from the public. The decision was reached after lengthy discussions. The project is expected to take several months.",REAL
Hidden Camera Captures Doctors Admitting Vaccine Contains Microchip,"A hidden camera investigation has purportedly captured physicians admitting that vaccines contain secret microchips designed to track every citizen. The footage, which has not been verified, supposedly shows medical professionals discussing a global surveillance plot. The conventional coverage is refusing to analysis on the video. Sources claim the microchips are part of a plan to monitor and direct the population. The proposal has received mixed reactions from the public. The investigation is ongoing according to sources. Officials declined to comment further.",FAKE
Federal Reserve Holds Interest Rates Steady,"The Federal Reserve announced on Wednesday that it would maintain its benchmark interest rate at the current level, citing stable inflation and moderate economic growth. Authorities said the decision reflects continued progress toward the central bank's employment and price-stability goals. Economists surveyed had broadly expected the hold. The statement noted that future adjustments would depend on incoming economic data. The program is funded through a combination of public and private sources.",REAL
Court Rules in Favor of City in Zoning Dispute,A state appeals court ruled in favor of the city in a long-running zoning dispute involving a proposed residential development. An attorney for the developer indicated they are reviewing the decision and have not decided whether to appeal.. The three-judge panel found that the city's planning commission had followed proper procedure The meeting lasted approximately three hours. The full report is available on the department website.,REAL
City Approves Grant for Small Business Relief,"The city approved a 2 million dollar grant program to provide relief to small businesses affected by recent construction on Main Street. Applications will be reviewed by a committee of local business owners and city representatives. Eligible businesses can apply for grants of up to 10,000 dollars Local residents have expressed a range of opinions on the proposal.",REAL
Music Insiders Claim Hidden Messages in Songs Prove Cult Worship,Music trade insiders have allegedly exposed that concealed messages in popular songs prove that artists are part of a undisclosed cult. Sources say the messages are embedded using secret machinery. The mainstream media is described as complicit in the cover-up. Anonymous sources claim that only those who pledge loyalty to the cult are allowed to reach the top of the charts The outcome remains uncertain at this time.,FAKE
Former Banker Exposes Secret Society Controlling All World Banks,A former banker has supposedly revealed that a secret society controls every central bank in the world and manipulates the global economy. Undisclosed informants claim that a small group of elites meets in covert to decide the fate of nations. The traditional media refuses to investigate. Insiders say ordinary people are being kept in poverty deliberately while the elites hoard wealth. The data was collected over a period of two years. Local residents have expressed a range of opinions on the proposal. The report recommends further study of the issue.,FAKE
NASA Announces Date for Next Satellite Launch,NASA confirmed that its next environmental monitoring satellite is scheduled to launch from Vandenberg Space Force Base on October 14. The spacecraft will collect data on ocean surface temperatures and atmospheric moisture. Mission managers noted the launch window opens at 9:02 a.m. local time and that weather conditions currently appear favorable. The project is expected to take several months. The results will be presented at a conference next month. The announcement was made at a press conference.,REAL
Pharmaceutical Firm Recalls Batch of Blood Pressure Medication,Vance Pharmaceuticals announced a voluntary recall of one production lot of its blood pressure medication after routine testing identified a labeling discrepancy. The organization said no adverse medicine effects have been reported and that the recall is precautionary. Patients are advised to consult their pharmacist for guidance. Additional details are expected to be released in the coming weeks. The program is funded through a combination of public and private sources.,REAL
Independent Investigators Claim 5G Towers Spread Deadly Virus,"Independent researchers claim that 5G cell towers are spreading a deadly bug and that researchers who speak out are being silenced. According to anonymous sources, the telecommunications business knows the reality but is hiding it to protect profits. The mainstream media will not report on the results Insiders say the virus was engineered to coincide with the rollout of 5G tech The decision was reached after lengthy discussions. The outcome remains uncertain at this time. The proposal has received mixed reactions from the public.",FAKE
Pharmaceutical Firm Recalls Batch of Blood Pressure Medication,Vance Pharmaceuticals reported a voluntary recall of one production lot of its blood pressure medication after routine testing identified a labeling discrepancy. The company said no adverse wellness effects have been reported and that the recall is precautionary. Patients are advised to consult their pharmacist for guidance. The decision was reached after lengthy discussions.,REAL
Insider Statements Stock Market Is Secretly Controlled by Single Family,A former financial regulator has reportedly revealed that the entire stock market is secretly controlled by a single prominent family. The mainstream media refuses to investigate. According to anonymous individuals every major market movement is orchestrated from behind the scenes. Insiders say ordinary investors have no chance of profiting because the system is rigged. The proposal has received mixed reactions from the public. The findings are preliminary and subject to peer review.,FAKE
Senate Committee Advances Infrastructure Bill,"The Senate Commerce Committee advanced a bipartisan infrastructure bill on Thursday with a 14-12 vote. Senator Alan Brooks, a co-sponsor, indicated the bill will now move to the full Senate for debate. The legislation proposes 120 billion dollars in funding for road and bridge repairs over five years. Several amendments regarding funding sources remain under discussion. The outcome remains uncertain at this time.",REAL
Governor Signs Police Reform Bill Into Law,"Governor Maria Torres signed a police reform bill into law on Thursday, establishing new training requirements and a statewide database of officer disciplinary records. The legislation passed both chambers with bipartisan support. Civil rights groups called the bill a step forward while some law enforcement organizations expressed concerns about implementation costs. The report was published on Tuesday. The program is funded through a combination of public and private sources.",REAL
Hospital Opens New Pediatric Wing,"Mercy General Hospital opened a new pediatric wing on Monday, adding 40 beds and a dedicated intensive care unit for children. Hospital representatives stated the 18 million dollar venture was funded through a combination of state grants and private donations. Dr. Emily Ross, head of pediatrics, said the facility will reduce wait times for families in the region. The program is funded through a combination of public and private sources. Additional details are expected to be released in the coming weeks.",REAL
Former Scientist Assertions Fluoride in Water Is Mind Control Chemical,"A former government scientist has supposedly admitted that fluoride in population water supplies is actually a mind control chemical. Corporate scientists are described as part of the conspiracy. Sources say the truth has been secret since the 1950s.. The claims, which contradict years of public medical research, suggest a covert scheme to make the population docile The project is expected to take several months. The announcement was made at a press conference.",FAKE
Governor Signs Police Reform Bill Into Law,"Governor Maria Torres signed a police reform bill into law on Thursday, establishing new training requirements and a statewide database of officer disciplinary records. The legislation passed both chambers with bipartisan support. Civil rights groups called the bill a step forward while some law enforcement organizations expressed concerns about implementation costs. The policy takes effect at the beginning of next year. The findings have not been independently verified. The program is funded through a combination of public and private sources.",REAL
New Bridge Construction Reaches Milestone,"Construction of the replacement Harbor Bridge reached a milestone this week as crews installed the main suspension cables. The project, which began two years ago, is now 60 percent complete according to the state transportation department. The bridge is expected to open to traffic next summer. The outcome remains uncertain at this time.",REAL
Public Health Officials Report Decline in Flu Cases,Public health officials reported a 15 percent decline in verified influenza cases this season compared with last season. She noted that flu activity typically peaks in February and urged residents to continue preventive measures.. Dr. Patricia Ng of the county treatment department credited increased vaccination rates and earlier people awareness campaigns The plan is subject to approval by the governing board. The decision was reached after lengthy discussions. The report recommends further study of the issue.,REAL
Court Rules in Favor of City in Zoning Dispute,A state appeals court ruled in favor of the city in a long-running zoning dispute involving a proposed residential development. The three-judge panel found that the city's planning commission had followed proper procedure. An attorney for the developer said they are reviewing the decision and have not decided whether to appeal. Officials declined to comment further. The meeting lasted approximately three hours. The findings are preliminary and subject to peer review.,REAL
Hidden Camera Captures Doctors Admitting Vaccine Contains Microchip,"A hidden camera investigation has purportedly captured practitioners admitting that vaccines contain hidden microchips designed to track every citizen. The footage, which has not been verified, claiming to be shows medical professionals discussing a global surveillance plot. The major journalism is refusing to report on the video. Officials claim the microchips are part of a plan to monitor and oversee the population. Local residents have expressed a range of opinions on the proposal.",FAKE
Transportation Authority Extends Subway Service Hours,"The Metropolitan Transportation Authority voted to extend weekend subway service by one hour beginning next month. Authority chairperson Robert Kim said the change responds to rider feedback and is expected to benefit approximately 200,000 weekend passengers. The agency will monitor ridership data over the following six months. The plan is subject to approval by the governing board.",REAL
Environmental Group Releases Water Quality Document,"The Watershed Alliance released its annual water quality study finding that 78 percent of tested river sites met federal cleanliness standards, up from 71 percent last year. The group recommended continued monitoring of industrial discharge points.. The report attributed the improvement to upgraded wastewater treatment facilities The announcement was made at a press conference. The data was collected over a period of two years. Local residents have expressed a range of opinions on the proposal.",REAL
Whistleblower Claims Energy Companies Murdered Free Energy Inventor,"An anonymous whistleblower claims that a scientist invented a machine that produces free energy, but was murdered by energy companies to protect their profits. Insiders say the systems would have eliminated the need for oil and gas.. The statements have no verifiable evidence, but individuals say the inventor's notes have been hidden in a clandestine location. The mainstream press refuses to investigate the story The data was collected over a period of two years. The outcome remains uncertain at this time.",FAKE
Senate Committee Advances Infrastructure Bill,"The Senate Commerce Committee advanced a bipartisan infrastructure bill on Thursday with a 14-12 vote. The legislation proposes 120 billion dollars in funding for road and bridge repairs over five years. Senator Alan Brooks, a co-sponsor, said the bill will now move to the full Senate for debate. Several amendments regarding funding sources remain under discussion. The policy takes effect at the beginning of next year. The findings have not been independently verified. The data was collected over a period of two years.",REAL
Federal Reserve Holds Interest Rates Steady,"The Federal Reserve declared on Wednesday that it would maintain its benchmark interest rate at the current level, citing stable inflation and moderate economic growth. Authorities remarked the decision reflects continued progress toward the central bank's employment and price-stability goals. Economists surveyed had broadly expected the hold. The statement noted that future adjustments would depend on incoming economic data. The investigation is ongoing according to sources. Additional details are expected to be released in the coming weeks.",REAL
Researchers Publish Study on Sleep and Memory,A study published in the Journal of Neuroscience examined the relationship between sleep duration and memory consolidation in adults. The authors cautioned that the observations are correlational and that further research is needed to establish causation.. Scholars at State University followed 240 participants over 12 weeks and reported that those sleeping fewer than six hours per night showed measurably lower performance on recall tasks Additional details are expected to be released in the coming weeks. Local residents have expressed a range of opinions on the proposal. The plan is subject to approval by the governing board.,REAL
Whistleblower Claims Energy Companies Assassinated Free Energy Inventor,"An anonymous whistleblower charges that a scientist invented a machine that produces free energy, but was murdered by energy companies to protect their profits. The allegations have no verifiable documentation but sources say the inventor's notes have been covered up in a hidden location. The conventional coverage refuses to investigate the story. Insiders say the technology would have eliminated the need for oil and gas. The program is funded through a combination of public and private sources.",FAKE
Transportation Authority Extends Subway Service Hours,"The Metropolitan Transportation Authority voted to extend weekend subway service by one hour beginning next month. Authority chairperson Robert Kim noted the change responds to rider feedback and is expected to benefit approximately 200,000 weekend passengers. The agency will monitor ridership data over the following six months. The matter has drawn attention from several advocacy groups. The statement was released on Friday afternoon. The findings have not been independently verified.",REAL
Health Guru Claims One Weird Food Melts Belly Fat Overnight,"A health guru claims that one weird food can melt belly fat overnight, and that doctors are furious because it destroys their business. The allegations have no scientific backing, but undisclosed sources say the food has been kept secret by the medical industry. Traditional nutritionists dismiss the story. Insiders say the trick works for everyone and requires no exercise. The findings have not been independently verified.",FAKE
New Bridge Construction Reaches Milestone,"Construction of the replacement Harbor Bridge reached a milestone this week as crews installed the main suspension cables. The project, which began two years ago, is now 60 percent complete according to the state transportation department. The bridge is expected to open to traffic next summer. The data was collected over a period of two years. The announcement was made at a press conference. The matter has drawn attention from several advocacy groups.",REAL
Local School District Reports Graduation Rate Increase,"The Riverside School District announced that its four-year graduation rate rose to 89 percent this year, up from 84 percent the previous year. Superintendent Mark Lee attributed the improvement to expanded tutoring programs and smaller class sizes in ninth-grade mathematics. The district plans to present detailed figures at the school board meeting next month. The results will be presented at a conference next month. The proposal has received mixed reactions from the public. The plan is subject to approval by the governing board.",REAL
Citizens Medicine Authorities Report Decline in Flu Cases,Public medical officials revealed a 15 percent decline in confirmed influenza cases this season compared with last season. Dr. Patricia Ng of the county health department credited increased vaccination rates and earlier community awareness campaigns. She noted that flu activity typically peaks in February and urged residents to continue preventive measures. The policy takes effect at the beginning of next year.,REAL
Governor Signs Police Reform Bill Into Law,"Governor Maria Torres signed a police reform bill into law on Thursday, establishing new training requirements and a statewide database of officer disciplinary records. Civil rights groups called the bill a step forward while some law enforcement organizations expressed concerns about implementation costs.. The legislation passed both chambers with bipartisan support Representatives from both parties participated in the discussions. Local residents have expressed a range of opinions on the proposal.",REAL
Agricultural Report Shows Wheat Yield Increase,"The Department of Agriculture released its annual crop report, showing a 5 percent increase in national wheat yields compared with last year. Analysts attributed the gain to favorable rainfall in the Plains states. The report also noted a slight decline in corn output due to early-season drought conditions in parts of the region. The findings have not been independently verified. The plan is subject to approval by the governing board.",REAL
Government Official Allegedly Admits Chemtrails Are Chemical Spraying,"A government official has purportedly admitted that the white trails behind airplanes are actually chemicals being sprayed to govern the population. The claims, which have no verifiable proof suggest a vast covert operation has been ongoing for years Establishment academics are described as part of the cover-up. Officials say the chemicals are designed to alter human behavior. The policy takes effect at the beginning of next year. The announcement was made at a press conference.",FAKE
New Bridge Construction Reaches Milestone,"Construction of the replacement Harbor Bridge reached a milestone this week as crews installed the main suspension cables. The bridge is expected to open to traffic next summer.. The venture which began two years ago, is now 60 percent complete according to the state transportation department The plan is subject to approval by the governing board. The announcement was made at a press conference.",REAL
Former Scientist Claims Fluoride in Water Is Mind Control Chemical,"A former government scientist has allegedly admitted that fluoride in residents water supplies is actually a mind control chemical. Mainstream researchers are described as part of the conspiracy. The claims, which contradict a long time of citizens wellness research, suggest a covert program to make the population docile. Sources say the reality has been suppressed since the 1950s. Additional details are expected to be released in the coming weeks. The plan is subject to approval by the governing board. The statement was released on Friday afternoon.",FAKE
Researchers Claim Hidden Bible Code Predicts Exact Date of World End,"Researchers claim to have discovered a hidden code in the Bible that predicts the exact date of the end of the world. According to unnamed sources, the code was deciphered using advanced computer algorithms. Informants say the date is approaching and the public has not been warned.. Traditional religious scholars dismiss the claims, but insiders say the proof is undeniable The outcome remains uncertain at this time. Additional details are expected to be released in the coming weeks.",FAKE
Tech Company Reports Quarterly Earnings,"Nimbus Technologies reported quarterly revenue of 3.1 billion dollars, a 7 percent increase from the same period last year. The corporation also announced a planned expansion of its data center operations in two states. Chief Executive Officer Sarah Chen explained growth was driven by demand for the company's cloud services. Shares closed up 2.4 percent. The investigation is ongoing according to sources. The decision was reached after lengthy discussions. The committee will meet again next week to discuss the matter.",REAL
Weather Service Issues Heat Advisory for Southern Counties,"The National Weather Service issued a heat advisory for three southern counties, forecasting temperatures above 100 degrees through Friday. Residents were advised to limit outdoor activity and check on elderly neighbors. Cooling centers will be open at community facilities in each affected county. Additional details are expected to be released in the coming weeks. The organization has not yet issued a formal response. The report was published on Tuesday.",REAL
Hidden Camera Captures Doctors Admitting Vaccine Contains Microchip,"A concealed camera investigation has allegedly captured doctors admitting that vaccines contain secret microchips designed to track every citizen. The footage, which has not been verified, allegedly shows medical professionals discussing a global surveillance plot. Sources claim the microchips are part of a plan to monitor and direct the population.. The mainstream media is refusing to findings on the video Representatives from both parties participated in the discussions. The findings are preliminary and subject to peer review.",FAKE
Authorities Official Allegedly Admits Chemtrails Are Chemical Spraying,"A government official has allegedly admitted that the white trails behind airplanes are actually chemicals being sprayed to control the population. The claims, which have no verifiable indication suggest a massive covert operation has been ongoing for many years Establishment investigators are described as part of the cover-up. Informants say the chemicals are designed to alter human behavior. The data was collected over a period of two years. Local residents have expressed a range of opinions on the proposal. The report recommends further study of the issue.",FAKE
Transportation Authority Extends Subway Service Hours,"The Metropolitan Transportation Authority voted to extend weekend subway service by one hour beginning next month. Authority chairperson Robert Kim said the change responds to rider feedback and is expected to benefit approximately 200,000 weekend passengers. The agency will monitor ridership data over the following six months. The matter has drawn attention from several advocacy groups. Representatives from both parties participated in the discussions. The policy takes effect at the beginning of next year.",REAL
City Approves Grant for Small Business Relief,"The city approved a 2 million dollar grant program to provide relief to small businesses affected by recent construction on Main Street. Eligible businesses can apply for grants of up to 10,000 dollars. Applications will be reviewed by a committee of local business owners and city spokespeople The outcome remains uncertain at this time. The matter has drawn attention from several advocacy groups.",REAL
Leaked Documents Prove Government Has Been Hiding Alien Contact,Leaked documents have claiming to be confirmed that extraterrestrial beings have been in contact with regime officials for over 70 years. Sources say the authorities has signed agreements with multiple extraterrestrial species and the truth is bigger than anyone could imagine.. The establishment media is absolutely silent about this revelation. Unnamed researchers claim a classified military program has been reverse-engineering extraterrestrial equipment since the 1950s The investigation is ongoing according to sources. Representatives from both parties participated in the discussions. The committee will meet again next week to discuss the matter.,FAKE
Insider Charges Stock Market Is Secretly Controlled by Single Family,"A former financial regulator has allegedly showed that the entire stock market is secretly controlled by a single influential family. According to anonymous sources, every major market movement is orchestrated from behind the scenes. The mainstream news outlets refuses to investigate. Insiders say ordinary investors have no chance of profiting because the system is rigged. The matter has drawn attention from several advocacy groups. The data was collected over a period of two years.",FAKE
Governor Signs Police Reform Bill Into Law,"Governor Maria Torres signed a police reform bill into law on Thursday, establishing new training requirements and a statewide database of officer disciplinary records. The legislation passed both chambers with bipartisan support. Civil rights groups called the bill a step forward while some law enforcement organizations expressed concerns about implementation costs. Local residents have expressed a range of opinions on the proposal. The project is expected to take several months. Additional details are expected to be released in the coming weeks.",REAL
Environmental Group Releases Water Quality Report,"The Watershed Alliance released its annual water quality findings finding that 78 percent of tested river sites met federal cleanliness standards, up from 71 percent last year. The report attributed the improvement to upgraded wastewater treatment facilities. The group recommended continued monitoring of industrial discharge points. The results will be presented at a conference next month.",REAL
"Secret Government Program Controls Weather, Insiders Reveal","A whistleblower has come forward with statements that a covert government agency has been controlling the weather for many years using hidden tech According to unnamed sources, powerful powerful figures are manipulating hurricanes and droughts to financial gain from global markets. Sources say the technology has been operational since the 1990s and that the public has been completely unaware.. The mainstream media refuses to cover this story, but the truth is finally coming out The project is expected to take several months. The plan is subject to approval by the governing board. The policy takes effect at the beginning of next year.",FAKE
Environmental Group Releases Water Quality Report,"The Watershed Alliance released its annual water quality study finding that 78 percent of tested river sites met federal cleanliness standards, up from 71 percent last year. The report attributed the improvement to upgraded wastewater treatment facilities. The group recommended continued monitoring of industrial discharge points. The project is expected to take several months. The report was published on Tuesday. The findings have not been independently verified.",REAL
Person Claiming to Be Time Traveler Warns of Imminent Catastrophe,"A person claiming to be a time traveler from the year 2087 has supposedly forewarned of an imminent catastrophe that will destroy civilization. The claims, which are impossible to verify, suggest that a secret event will occur within months. Unidentified informants say the time traveler has provided detailed predictions that have allegedly come true.. The corporate media is ignoring the warning The findings are preliminary and subject to peer review.",FAKE
School Board Adopts New Science Curriculum,The school board voted 5-3 to adopt a new science curriculum for grades six through eight. The curriculum emphasizes hands-on laboratory work and was developed over 18 months by a committee of teachers and university faculty. Implementation is planned for the next academic year. The meeting lasted approximately three hours.,REAL
Anonymous Hacker Proves Millions of Votes Were Changed in Election,"An anonymous hacker has purportedly uncovered proof that millions of votes in the recent election were secretly changed by a shadowy organization. The mainstream media is ignoring the story. Informants who cannot be named say the hacking was orchestrated by elite the wealthy. The assertions which have not been verified by any official source, suggest that the entire election was rigged from the start The full report is available on the department website. The project is expected to take several months.",FAKE
Music Insiders Claim Hidden Messages in Songs Prove Cult Worship,Music field insiders have allegedly revealed that suppressed messages in popular songs prove that artists are part of a secret cult. Anonymous officials claim that only those who pledge loyalty to the cult are allowed to reach the top of the charts. The mainstream news outlets is described as complicit in the cover-up. Sources say the messages are embedded using undisclosed technology. Officials declined to comment further. The findings have not been independently verified. The matter has drawn attention from several advocacy groups.,FAKE
Former Banker Exposes Secret Society Controlling All World Banks,A former banker has reportedly exposed that a secret society controls every central bank in the world and manipulates the global economy. Anonymous sources claim that a small group of elites meets in clandestine to decide the fate of nations. The conventional journalism refuses to investigate. Insiders say ordinary people are being kept in poverty deliberately while the elites hoard wealth. The report recommends further study of the issue. The full report is available on the department website. The investigation is ongoing according to sources.,FAKE
University Receives Grant for Renewable Energy Research,State University stated a 6 million dollar grant from the Department of Energy to support research into next-generation solar cells. The project will be led by the Department of Materials Science and will involve graduate students and postdoctoral researchers. The university said the funding covers a three-year period. The report recommends further study of the issue. The announcement was made at a press conference. The outcome remains uncertain at this time.,REAL
Explorers Claim Mysterious Pyramid Found Hidden in Antarctica,"A team of explorers has allegedly discovered a puzzling pyramid in Antarctica, but governments around the world are working together to hide the discovery. According to unidentified sources, the pyramid contains evidence of an ancient civilization that predates all known history. Mainstream investigators are refusing to investigate. Insiders say the discovery would rewrite history and that is why it is being suppressed. The findings have not been independently verified.",FAKE
Secret Hacker Proves Millions of Votes Were Changed in Election,"An anonymous hacker has supposedly uncovered proof that millions of votes in the recent election were secretly changed by a shadowy organization. Sources who cannot be named say the hacking was orchestrated by wealthy insiders. The mainstream media is ignoring the story. The charges which have not been verified by any official source, suggest that the entire election was rigged from the start Representatives from both parties participated in the discussions. The findings are preliminary and subject to peer review. The findings have not been independently verified.",FAKE
Anonymous Source Claims Cancer Cure Found But Suppressed by Industry,An anonymous source has claimed that a cure for cancer was discovered years ago but has been deliberately suppressed by the therapeutic business to protect profits. These claims have no verifiable evidence.. According to the declarations a covert treatment is being used only by the elite while ordinary patients are denied access. The mainstream media reportedly refuses to cover the story The project is expected to take several months.,FAKE
International Trade Agreement Signed at Summit,Representatives from 12 nations signed a regional trade agreement at the annual economic summit on Friday. Officials remarked implementation will occur in phases over the next three years.. The agreement reduces tariffs on selected agricultural and manufactured goods and establishes a framework for ongoing negotiations The meeting lasted approximately three hours.,REAL
Researchers Claim Hidden Bible Code Predicts Exact Date of World End,Investigators claim to have discovered a concealed code in the Bible that predicts the exact date of the end of the world. Mainstream religious scholars dismiss the assertions but insiders say the indication is undeniable. Officials say the date is approaching and the public has not been advised. According to anonymous officials the code was deciphered using advanced computer algorithms The committee will meet again next week to discuss the matter.,FAKE
Local School District Reports Graduation Rate Increase,"The Riverside School District announced that its four-year graduation rate rose to 89 percent this year, up from 84 percent the previous year. Superintendent Mark Lee attributed the improvement to expanded tutoring programs and smaller class sizes in ninth-grade mathematics. The district plans to present detailed figures at the school board meeting next month. The investigation is ongoing according to sources. Representatives from both parties participated in the discussions. The committee will meet again next week to discuss the matter.",REAL
Governor Signs Police Reform Bill Into Law,"Governor Maria Torres signed a police reform bill into law on Thursday, establishing new training requirements and a statewide database of officer disciplinary records. The legislation passed both chambers with bipartisan support. Civil rights groups called the bill a step forward while some law enforcement organizations expressed concerns about implementation costs. The meeting lasted approximately three hours.",REAL
Governor Signs Police Reform Bill Into Law,"Governor Maria Torres signed a police reform bill into law on Thursday, establishing new training requirements and a statewide database of officer disciplinary records. The legislation passed both chambers with bipartisan support. Civil rights groups called the bill a step forward while some law enforcement organizations expressed concerns about implementation costs. The organization has not yet issued a formal response. The meeting lasted approximately three hours.",REAL
Whistleblower Statements Energy Companies Silenced Free Energy Inventor,"An anonymous whistleblower charges that a scientist devised a machine that produces free energy, but was murdered by energy companies to protect their profits. The mainstream media refuses to investigate the story. Insiders say the equipment would have eliminated the need for oil and gas.. The claims have no verifiable evidence, but sources say the inventor's notes have been hidden in a secret location The committee will meet again next week to discuss the matter. The plan is subject to approval by the governing board.",FAKE
Former Scientist Claims Fluoride in Water Is Mind Control Chemical,"A former authorities scientist has apparently admitted that fluoride in community water supplies is actually a mind control chemical. Traditional academics are described as part of the conspiracy. Sources say the facts has been hidden since the 1950s.. The claims, which contradict a long time of public medicine research, suggest a covert program to make the population docile The outcome remains uncertain at this time. The report recommends further study of the issue.",FAKE
New Bridge Construction Reaches Milestone,"Construction of the replacement Harbor Bridge reached a milestone this week as crews installed the main suspension cables. The project, which began two years ago, is now 60 percent complete according to the state transportation department. The bridge is expected to open to traffic next summer. The results will be presented at a conference next month. The policy takes effect at the beginning of next year.",REAL
"Undisclosed Administration Operation Controls Weather, Insiders Reveal","A whistleblower has come forward with charges that a secret authorities agency has been controlling the weather for years using hidden technology. The mainstream media refuses to cover this story, but the truth is finally coming out. According to unnamed insiders prominent powerful figures are manipulating hurricanes and droughts to financial gain from global markets. Informants say the equipment has been operational since the 1990s and that the citizens has been completely unaware. The decision was reached after lengthy discussions.",FAKE
Pharmaceutical Company Recalls Batch of Blood Pressure Medication,Vance Pharmaceuticals announced a voluntary recall of one production lot of its blood pressure medication after routine testing identified a labeling discrepancy. The company remarked no adverse health effects have been reported and that the recall is precautionary. Patients are advised to consult their pharmacist for guidance. The outcome remains uncertain at this time.,REAL
Explorers Claim Mysterious Pyramid Found Hidden in Antarctica,"A team of explorers has supposedly discovered a mysterious pyramid in Antarctica, but governments around the world are working together to hide the discovery. Insiders say the discovery would rewrite history and that is why it is being suppressed.. According to anonymous officials the pyramid contains evidence of an ancient civilization that predates all known history. Conventional specialists are refusing to investigate The announcement was made at a press conference.",FAKE
Documents Allegedly Prove Government Created Virus in Secret Lab,Leaked documents have supposedly announced that a recent virus was deliberately created in a covert government laboratory. According to anonymous individuals the pathogen was engineered as part of a population control plan. The establishment media is described as complicit in the cover-up. Contacts say the evidence has been buried by powerful interests and the community deserves the truth. The proposal has received mixed reactions from the public. The outcome remains uncertain at this time.,FAKE
New Bridge Construction Reaches Milestone,"Construction of the replacement Harbor Bridge reached a milestone this week as crews installed the main suspension cables. The initiative which began two years ago, is now 60 percent complete according to the state transportation department. The bridge is expected to open to traffic next summer. The announcement was made at a press conference. The findings are preliminary and subject to peer review.",REAL
Secret Camera Captures Doctors Admitting Vaccine Contains Microchip,"A buried camera investigation has allegedly captured practitioners admitting that vaccines contain undisclosed microchips designed to track every citizen. The footage, which has not been verified, apparently shows health professionals discussing a global surveillance plot. The conventional coverage is refusing to findings on the video. Officials claim the microchips are part of a plan to monitor and direct the population. The meeting lasted approximately three hours. The report recommends further study of the issue.",FAKE
"Miracle Cure Banned by Pharmaceutical Companies, Sources Claim","A simple herb can supposedly cure every disease known to humanity, but pharmaceutical companies are desperately trying to suppress it, according to charges circulating online. A covert formula, covered up for hundreds of years has reportedly been used by a remote village where no one ever gets sick. Insiders claim the herb has been banned because it would destroy the pharmaceutical industry. These claims have not been verified by any medical authority. The statement was released on Friday afternoon.",FAKE
Government Official Allegedly Admits Chemtrails Are Chemical Spraying,"A government official has purportedly admitted that the white trails behind airplanes are actually chemicals being sprayed to command the population. The claims, which have no verifiable evidence, suggest a huge covert operation has been ongoing for many years Mainstream scientists are described as part of the cover-up. Individuals say the chemicals are designed to alter human behavior. The results will be presented at a conference next month. Local residents have expressed a range of opinions on the proposal. The proposal has received mixed reactions from the public.",FAKE
Leaked Documents Prove Government Has Been Hiding Alien Contact,Leaked documents have reportedly confirmed that extraterrestrial beings have been in contact with administration administrators for over 70 years. Anonymous researchers claim a hidden military program has been reverse-engineering extraterrestrial machinery since the 1950s. The establishment media is fully silent about this revelation. Sources say the government has signed agreements with multiple alien species and the facts is bigger than anyone could imagine. The findings are preliminary and subject to peer review. The announcement was made at a press conference.,FAKE
Person Claiming to Be Time Traveler Warns of Imminent Catastrophe,"A person claiming to be a time traveler from the year 2087 has allegedly warned of an imminent catastrophe that will destroy civilization. The allegations which are impossible to verify, suggest that a clandestine event will occur within months. The conventional media is ignoring the warning. Anonymous individuals say the time traveler has provided detailed predictions that have purportedly come true. The organization has not yet issued a formal response.",FAKE
Documents Allegedly Prove Government Created Virus in Secret Lab,"Leaked documents have reportedly verified that a recent infection was deliberately created in a secret government laboratory. According to undisclosed sources, the pathogen was engineered as part of a population direct plan. The mainstream journalism is described as complicit in the cover-up. Officials say the indication has been concealed by prominent interests and the population deserves the truth. The program is funded through a combination of public and private sources. The results will be presented at a conference next month.",FAKE
Treatment Guru Claims One Weird Food Melts Belly Fat Overnight,"A health guru claims that one weird food can melt belly fat overnight, and that doctors are furious because it destroys their business. The allegations have no scientific backing, but undisclosed sources say the food has been kept secret by the medical business Mainstream nutritionists dismiss the story. Insiders say the trick works for everyone and requires no exercise. Additional details are expected to be released in the coming weeks. The policy takes effect at the beginning of next year. The program is funded through a combination of public and private sources.",FAKE
Court Rules in Favor of City in Zoning Dispute,A state appeals court ruled in favor of the city in a long-running zoning dispute involving a proposed residential development. The three-judge panel found that the city's planning commission had followed proper procedure. An attorney for the developer remarked they are reviewing the decision and have not decided whether to appeal. The findings have not been independently verified. The statement was released on Friday afternoon.,REAL
School Board Adopts New Science Curriculum,The school board voted 5-3 to adopt a new science curriculum for grades six through eight. The curriculum emphasizes hands-on laboratory work and was developed over 18 months by a committee of teachers and university faculty. Implementation is planned for the next academic year. The proposal has received mixed reactions from the public.,REAL
Unnamed Source Declarations Cancer Cure Found But Buried by Field,"An secret source has claimed that a cure for cancer was discovered years ago but has been deliberately suppressed by the health trade to protect profits. According to the claims, a clandestine treatment is being used only by the elite while ordinary patients are denied access. The conventional press reportedly refuses to cover the story. These allegations have no verifiable evidence. The outcome remains uncertain at this time. The full report is available on the department website. The meeting lasted approximately three hours.",FAKE
Hospital Opens New Pediatric Wing,"Mercy General Hospital opened a new pediatric wing on Monday, adding 40 beds and a dedicated intensive care unit for children. Hospital officials said the 18 million dollar program was funded through a combination of state grants and private donations. Dr. Emily Ross, head of pediatrics, stated the facility will reduce wait times for families in the region. Representatives from both parties participated in the discussions. The proposal has received mixed reactions from the public.",REAL
NASA Announces Date for Next Satellite Launch,NASA confirmed that its next environmental monitoring satellite is scheduled to launch from Vandenberg Space Force Base on October 14. The spacecraft will collect data on ocean surface temperatures and atmospheric moisture. local time and that weather conditions currently appear favorable.. Mission managers said the launch window opens at 9:02 a.m The announcement was made at a press conference.,REAL
Electric Vehicle Sales Reach Record High in Third Quarter,"Electric vehicle sales reached a record 320,000 units in the third quarter, representing 9 percent of all new vehicle sales, according to business data. Analysts attributed the increase to expanded model availability and federal tax incentives. Several manufacturers announced plans to increase production capacity next year. Local residents have expressed a range of opinions on the proposal.",REAL
Hospital Opens New Pediatric Wing,"Mercy General Hospital opened a new pediatric wing on Monday, adding 40 beds and a dedicated intensive care unit for children. Hospital administrators indicated the 18 million dollar project was funded through a combination of state grants and private donations. Dr. Emily Ross, head of pediatrics, said the facility will reduce wait times for families in the region. The plan is subject to approval by the governing board. The report was published on Tuesday. The statement was released on Friday afternoon.",REAL
Pharmaceutical Company Recalls Batch of Blood Pressure Medication,Vance Pharmaceuticals stated a voluntary recall of one production lot of its blood pressure medication after routine testing identified a labeling discrepancy. Patients are advised to consult their pharmacist for guidance.. The company said no adverse medical effects have been showed and that the recall is precautionary The program is funded through a combination of public and private sources. The report recommends further study of the issue. The matter has drawn attention from several advocacy groups.,REAL
"Miracle Cure Banned by Pharmaceutical Companies, Sources Claim","A simple herb can reportedly therapy every disease known to humanity, but pharmaceutical companies are desperately trying to suppress it, according to claims circulating online. Insiders claim the herb has been outlawed because it would destroy the pharmaceutical market These assertions have not been verified by any medical authority.. A secret formula, secret for centuries, has supposedly been used by a remote village where no one ever gets sick The findings have not been independently verified.",FAKE
Study Links Moderate Exercise to Improved Cardiovascular Medicine,"Researchers at Johns Hopkins University published discoveries suggesting that 150 minutes of moderate exercise per week is associated with a 20 percent reduction in cardiovascular events among adults over 50. The study tracked 8,000 participants for six years. Authors noted that the observational design limits causal conclusions. The proposal has received mixed reactions from the public. The report was published on Tuesday. The matter has drawn attention from several advocacy groups.",REAL
Former Scientist Claims Fluoride in Water Is Mind Control Chemical,"A former government scientist has purportedly admitted that fluoride in public water supplies is actually a mind control chemical. The declarations which contradict decades of citizens health research, suggest a covert program to make the population docile. Mainstream specialists are described as part of the conspiracy. Contacts say the facts has been covered up since the 1950s. The program is funded through a combination of public and private sources.",FAKE
Music Insiders Claim Buried Messages in Songs Prove Cult Worship,Music market insiders have allegedly revealed that buried messages in popular songs prove that artists are part of a secret cult. Unnamed sources claim that only those who pledge loyalty to the cult are allowed to reach the top of the charts. The conventional coverage is described as complicit in the cover-up. Contacts say the messages are embedded using secret equipment The program is funded through a combination of public and private sources.,FAKE
Insider Claims Stock Market Is Secretly Controlled by Single Family,A former financial regulator has reportedly revealed that the entire stock market is secretly controlled by a single powerful family. According to anonymous insiders every major market movement is orchestrated from behind the scenes. The conventional broadcasters refuses to investigate. Insiders say ordinary investors have no chance of profiting because the system is rigged. Local residents have expressed a range of opinions on the proposal. The findings are preliminary and subject to peer review.,FAKE
Hospital Opens New Pediatric Wing,"Mercy General Hospital opened a new pediatric wing on Monday, adding 40 beds and a dedicated intensive care unit for children. Hospital spokespeople stated the 18 million dollar project was funded through a combination of state grants and private donations. Dr. Emily Ross, head of pediatrics, remarked the facility will reduce wait times for families in the region. The announcement was made at a press conference.",REAL
Tech Company Reports Quarterly Earnings,"Nimbus Technologies reported quarterly revenue of 3.1 billion dollars, a 7 percent increase from the same period last year. The company also announced a planned expansion of its data center operations in two states. Chief Executive Officer Sarah Chen explained growth was driven by demand for the company's cloud services. Shares closed up 2.4 percent. The plan is subject to approval by the governing board. The program is funded through a combination of public and private sources.",REAL
International Trade Agreement Signed at Summit,Representatives from 12 nations signed a regional trade agreement at the annual economic summit on Friday. The agreement reduces tariffs on selected agricultural and manufactured goods and establishes a framework for ongoing negotiations. Officials said implementation will occur in phases over the next three years. Additional details are expected to be released in the coming weeks.,REAL
Court Rules in Favor of City in Zoning Dispute,A state appeals court ruled in favor of the city in a long-running zoning dispute involving a proposed residential development. The three-judge panel found that the city's planning commission had followed proper procedure. An attorney for the developer said they are reviewing the decision and have not decided whether to appeal. The findings have not been independently verified. The matter has drawn attention from several advocacy groups.,REAL
Explorers Claim Strange Pyramid Found Suppressed in Antarctica,"A team of explorers has reportedly discovered a puzzling pyramid in Antarctica, but governments around the world are working together to hide the discovery. According to anonymous individuals the pyramid contains evidence of an ancient civilization that predates all known history. Mainstream academics are refusing to investigate. Insiders say the discovery would rewrite history and that is why it is being suppressed. The statement was released on Friday afternoon. The full report is available on the department website. The results will be presented at a conference next month.",FAKE
Leaked Documents Prove Government Has Been Hiding Alien Contact,Leaked documents have supposedly confirmed that extraterrestrial beings have been in contact with government administrators for over 70 years. Sources say the regime has signed agreements with multiple alien species and the facts is bigger than anyone could imagine.. The major media is completely silent about this revelation. Unidentified scholars claim a secret military program has been reverse-engineering extraterrestrial technology since the 1950s The statement was released on Friday afternoon.,FAKE
International Trade Agreement Signed at Summit,Representatives from 12 nations signed a regional trade agreement at the annual economic summit on Friday. Spokespeople said implementation will occur in phases over the next three years.. The agreement reduces tariffs on selected agricultural and manufactured goods and establishes a framework for ongoing negotiations Local residents have expressed a range of opinions on the proposal.,REAL
Tech Company Reports Quarterly Earnings,"Nimbus Technologies reported quarterly revenue of 3.1 billion dollars, a 7 percent increase from the same period last year. Chief Executive Officer Sarah Chen said growth was driven by demand for the company's cloud services. The company also announced a planned expansion of its data center operations in two states. Shares closed up 2.4 percent. Local residents have expressed a range of opinions on the proposal.",REAL
Study Links Moderate Exercise to Improved Cardiovascular Health,"Scholars at Johns Hopkins University published results suggesting that 150 minutes of moderate exercise per week is associated with a 20 percent reduction in cardiovascular events among adults over 50. The investigation tracked 8,000 participants for six years. Authors noted that the observational design limits causal conclusions. The findings have not been independently verified. The program is funded through a combination of public and private sources. The announcement was made at a press conference.",REAL
Health Guru Claims One Weird Food Melts Belly Fat Overnight,"A medicine guru claims that one weird food can melt belly fat overnight, and that doctors are furious because it destroys their business. The statements have no scientific backing, but anonymous officials say the food has been kept classified by the medical industry. Insiders say the trick works for everyone and requires no exercise.. Mainstream nutritionists dismiss the story Local residents have expressed a range of opinions on the proposal. The committee will meet again next week to discuss the matter.",FAKE
Veterans Affairs Hospital Adds Mental Health Staff,The regional Veterans Affairs hospital announced the addition of 12 mental health counselors to its staff. Hospital director James Patterson said the expansion will reduce appointment wait times for veterans seeking counseling. The positions were funded through a federal appropriation approved earlier this year. The project is expected to take several months. The report was published on Tuesday. Local residents have expressed a range of opinions on the proposal.,REAL
Former NASA Employee Claims All Space Missions Have Been Faked,A former NASA employee has apparently come forward to claim that all space missions have been faked and the Earth is actually flat. According to anonymous officials every photograph from space has been created in a studio. The corporate press continues to promote what the source calls a lie. Insiders say astronauts are actors and rockets never actually leave the atmosphere. The data was collected over a period of two years. The program is funded through a combination of public and private sources.,FAKE
City Council Approves Budget for New Public Library,"The city council voted 6-2 on Tuesday to approve a 4.2 million dollar budget for the construction of a new population library in the downtown district. Mayor Jane Doe stated the facility will serve approximately 30,000 residents and include a community meeting room and expanded digital archives. Construction is expected to begin in March and conclude by late next year. Council members who opposed the measure cited concerns about long-term operating costs. Officials declined to comment further. Local residents have expressed a range of opinions on the proposal. The report was published on Tuesday.",REAL
"Miracle Cure Outlawed by Pharmaceutical Companies, Sources Claim","A simple herb can claiming to be cure every sickness known to humanity, but pharmaceutical companies are desperately trying to suppress it, according to statements circulating online. Insiders claim the herb has been prohibited because it would destroy the pharmaceutical industry. These claims have not been verified by any healthcare authority.. A undisclosed formula, concealed for centuries, has allegedly been used by a remote village where no one ever gets sick The results will be presented at a conference next month. The policy takes effect at the beginning of next year. The organization has not yet issued a formal response.",FAKE
Transportation Authority Extends Subway Service Hours,"The Metropolitan Transportation Authority voted to extend weekend subway service by one hour beginning next month. Authority chairperson Robert Kim stated the change responds to rider feedback and is expected to benefit approximately 200,000 weekend passengers. The agency will monitor ridership data over the following six months. The project is expected to take several months.",REAL
Music Insiders Claim Hidden Messages in Songs Prove Cult Worship,Music sector insiders have purportedly revealed that hidden messages in popular songs prove that artists are part of a secret cult. Insiders say the messages are embedded using secret technology.. Anonymous individuals claim that only those who pledge loyalty to the cult are allowed to reach the top of the charts. The mainstream broadcasters is described as complicit in the cover-up The policy takes effect at the beginning of next year.,FAKE
Pharmaceutical Business Recalls Batch of Blood Pressure Medication,Vance Pharmaceuticals announced a voluntary recall of one production lot of its blood pressure medication after routine testing identified a labeling discrepancy. The organization indicated no adverse health effects have been reported and that the recall is precautionary. Patients are advised to consult their pharmacist for guidance. Additional details are expected to be released in the coming weeks. The data was collected over a period of two years. Officials declined to comment further.,REAL
Insider Claims Stock Market Is Secretly Controlled by Single Family,A former financial regulator has allegedly uncovered that the entire stock market is secretly controlled by a single influential family. According to anonymous insiders every major market movement is orchestrated from behind the scenes. The conventional broadcasters refuses to investigate. Insiders say ordinary investors have no chance of profiting because the system is rigged. The plan is subject to approval by the governing board. The organization has not yet issued a formal response.,FAKE
Senate Committee Advances Infrastructure Bill,"The Senate Commerce Committee advanced a bipartisan infrastructure bill on Thursday with a 14-12 vote. Several amendments regarding funding informants remain under discussion.. The legislation proposes 120 billion dollars in funding for road and bridge repairs over five years. Senator Alan Brooks, a co-sponsor, noted the bill will now move to the full Senate for debate The data was collected over a period of two years. The meeting lasted approximately three hours.",REAL
Former Aide Claims World Billionaires Are Reptilian Shapeshifters,"A former aide to a prominent billionaire has purportedly come forward to claim that the world's richest people are actually reptilian shapeshifters. Officials say the reptilians have been in control for a very long time. The mainstream media reportedly dismisses the story as a joke. The claims, which cannot be verified, suggest that a race of reptile beings has infiltrated the highest levels of officials and business The data was collected over a period of two years. Representatives from both parties participated in the discussions. The findings have not been independently verified.",FAKE
Astronomers Supposedly Received Alien Warning Signal from Deep Space,"Astronomers have supposedly received a mysterious signal from deep space that they claim is a warning from an otherworldly civilization. According to secret sources, the signal contains a message about an impending event. Mainstream investigators are refusing to acknowledge the finding. Insiders say the administration has known about the signal for years and is hiding it from the people The project is expected to take several months.",FAKE
Astronomers Supposedly Received Alien Warning Signal from Deep Space,"Astronomers have supposedly received a unknown signal from deep space that they claim is a warning from an alien civilization. According to secret sources, the signal contains a message about an impending event. Mainstream scientists are refusing to acknowledge the finding. Insiders say the government has known about the signal for years and is hiding it from the community The data was collected over a period of two years.",FAKE
Transportation Authority Extends Subway Service Hours,"The Metropolitan Transportation Authority voted to extend weekend subway service by one hour beginning next month. Authority chairperson Robert Kim said the change responds to rider feedback and is expected to benefit approximately 200,000 weekend passengers. The agency will monitor ridership data over the following six months. The investigation is ongoing according to sources. Representatives from both parties participated in the discussions. The findings have not been independently verified.",REAL
UFO Researchers Claim Secret Moon Base Visible in NASA Photographs,"UFO scholars claim to have discovered a secret base on the moon in photographs released by NASA. According to undisclosed experts, the base was built by a shadowy organization and has been operational for decades. NASA has refused to comment on the allegations. Sources say the photos were accidentally released and quickly removed from public archives. The full report is available on the department website. The policy takes effect at the beginning of next year. The announcement was made at a press conference.",FAKE
Hollywood Insiders Reveal Secret Society Controls Entertainment Field,Remarkable new rumors suggest that Hollywood celebrities are involved in a clandestine society that controls the entertainment industry. The allegations are unverified and the corporate press is reportedly suppressing the story.. Sources say anyone who tries to reveal the what really happened is silenced. Anonymous insiders claim that only those who join the society are allowed to become famous The full report is available on the department website.,FAKE
Former Banker Exposes Hidden Society Controlling All World Banks,A former banker has supposedly revealed that a clandestine society controls every central bank in the world and manipulates the global economy. Undisclosed sources claim that a small group of elites meets in secret to decide the fate of nations. Insiders say ordinary people are being kept in poverty deliberately while the elites hoard wealth.. The conventional media refuses to investigate The investigation is ongoing according to sources.,FAKE
Tech Organization Reports Quarterly Earnings,"Nimbus Technologies reported quarterly revenue of 3.1 billion dollars, a 7 percent increase from the same period last year. Shares closed up 2.4 percent.. The firm also announced a planned expansion of its data center operations in two states. Chief Executive Officer Sarah Chen said growth was driven by demand for the company's cloud services The plan is subject to approval by the governing board. Local residents have expressed a range of opinions on the proposal.",REAL
Pharmaceutical Company Recalls Batch of Blood Pressure Medication,Vance Pharmaceuticals stated a voluntary recall of one production lot of its blood pressure medication after routine testing identified a labeling discrepancy. Patients are advised to consult their pharmacist for guidance.. The company said no adverse health effects have been revealed and that the recall is precautionary The decision was reached after lengthy discussions.,REAL
Federal Reserve Holds Interest Rates Steady,"The Federal Reserve announced on Wednesday that it would maintain its benchmark interest rate at the current level, citing stable inflation and moderate economic growth. Officials said the decision reflects continued progress toward the central bank's employment and price-stability goals. Economists surveyed had broadly expected the hold. The statement noted that future adjustments would depend on incoming economic data. The project is expected to take several months. The outcome remains uncertain at this time.",REAL
Astronomers Supposedly Received Alien Warning Signal from Deep Space,"Astronomers have apparently received a mysterious signal from deep space that they claim is a warning from an alien civilization. Mainstream academics are refusing to acknowledge the finding. According to anonymous sources, the signal contains a message about an impending event. Insiders say the government has known about the signal for years and is hiding it from the community The program is funded through a combination of public and private sources.",FAKE
Tech Corporation Reports Quarterly Earnings,"Nimbus Technologies stated quarterly revenue of 3.1 billion dollars, a 7 percent increase from the same period last year. Chief Executive Officer Sarah Chen indicated growth was driven by demand for the company's cloud services. The enterprise also said a planned expansion of its data center operations in two states. Shares closed up 2.4 percent. The outcome remains uncertain at this time. The findings have not been independently verified. The matter has drawn attention from several advocacy groups.",REAL
Electric Vehicle Sales Reach Record High in Third Quarter,"Electric vehicle sales reached a record 320,000 units in the third quarter, representing 9 percent of all new vehicle sales, according to sector data. Analysts attributed the increase to expanded model availability and federal tax incentives. Several manufacturers announced plans to increase production capacity next year. The statement was released on Friday afternoon. Representatives from both parties participated in the discussions. Additional details are expected to be released in the coming weeks.",REAL
Music Insiders Claim Secret Messages in Songs Prove Cult Worship,Music industry insiders have supposedly uncovered that buried messages in popular songs prove that artists are part of a undisclosed cult. The corporate journalism is described as complicit in the cover-up. Unidentified contacts claim that only those who pledge loyalty to the cult are allowed to reach the top of the charts. Sources say the messages are embedded using secret equipment The statement was released on Friday afternoon. The organization has not yet issued a formal response.,FAKE
Government Official Allegedly Admits Chemtrails Are Chemical Spraying,A government official has reportedly admitted that the white trails behind airplanes are actually chemicals being sprayed to direct the population. The charges which have no verifiable indication suggest a vast covert operation has been ongoing for a generation Mainstream scientists are described as part of the cover-up. Sources say the chemicals are designed to alter human behavior. Representatives from both parties participated in the discussions. The investigation is ongoing according to sources. The policy takes effect at the beginning of next year.,FAKE
Documents Allegedly Prove Officials Created Virus in Secret Lab,Leaked documents have supposedly stated that a recent virus was deliberately created in a secret authorities laboratory. According to anonymous insiders the illness was engineered as part of a population command plan. The traditional press is described as complicit in the cover-up. Sources say the testimony has been concealed by wealthy interests and the population deserves the truth. The full report is available on the department website. Local residents have expressed a range of opinions on the proposal.,FAKE
Music Insiders Claim Hidden Messages in Songs Prove Cult Worship,Music market insiders have allegedly revealed that buried messages in popular songs prove that artists are part of a classified cult. Anonymous sources claim that only those who pledge loyalty to the cult are allowed to reach the top of the charts. The mainstream journalism is described as complicit in the cover-up. Sources say the messages are embedded using covert systems The investigation is ongoing according to sources.,FAKE
University Receives Grant for Renewable Energy Research,State University announced a 6 million dollar grant from the Department of Energy to support research into next-generation solar cells. The undertaking will be led by the Department of Materials Science and will involve graduate students and postdoctoral researchers. The university said the funding covers a three-year period. The full report is available on the department website. The investigation is ongoing according to sources. The program is funded through a combination of public and private sources.,REAL
Veterans Affairs Hospital Adds Mental Health Staff,The regional Veterans Affairs hospital announced the addition of 12 mental health counselors to its staff. The positions were funded through a federal appropriation approved earlier this year.. Hospital director James Patterson said the expansion will reduce appointment wait times for veterans seeking counseling The policy takes effect at the beginning of next year.,REAL
Health Guru Declarations One Weird Food Melts Belly Fat Overnight,"A health guru charges that one weird food can melt belly fat overnight, and that medical professionals are furious because it destroys their business. The statements have no scientific backing, but anonymous officials say the food has been kept undisclosed by the medical industry. Conventional nutritionists dismiss the story. Insiders say the trick works for everyone and requires no exercise. The findings are preliminary and subject to peer review. The plan is subject to approval by the governing board. Additional details are expected to be released in the coming weeks.",FAKE
Former NASA Employee Claims All Space Missions Have Been Faked,"A former NASA employee has apparently come forward to claim that all space missions have been faked and the Earth is actually flat. According to anonymous sources, every photograph from space has been created in a studio. The mainstream news outlets continues to promote what the source calls a lie. Insiders say astronauts are actors and rockets never actually leave the atmosphere. The statement was released on Friday afternoon. The outcome remains uncertain at this time.",FAKE
Explorers Claim Mysterious Pyramid Found Hidden in Antarctica,"A team of explorers has reportedly discovered a puzzling pyramid in Antarctica, but governments around the world are working together to hide the discovery. According to unidentified informants the pyramid contains evidence of an ancient civilization that predates all known history. Mainstream experts are refusing to investigate. Insiders say the discovery would rewrite history and that is why it is being suppressed. The committee will meet again next week to discuss the matter. The investigation is ongoing according to sources. Local residents have expressed a range of opinions on the proposal.",FAKE
Astronomers Supposedly Received Alien Warning Signal from Deep Space,Astronomers have purportedly received a mysterious signal from deep space that they claim is a warning from an alien civilization. According to unidentified officials the signal contains a message about an impending event. Major specialists are refusing to acknowledge the finding. Insiders say the authorities has known about the signal for years and is hiding it from the public. The decision was reached after lengthy discussions. The announcement was made at a press conference. The findings are preliminary and subject to peer review.,FAKE
Astronomers Supposedly Received Alien Warning Signal from Deep Space,"Astronomers have supposedly received a mysterious signal from deep space that they claim is a warning from an alien civilization. According to unnamed sources, the signal contains a message about an impending event. Major scientists are refusing to acknowledge the finding. Insiders say the regime has known about the signal for years and is hiding it from the people Representatives from both parties participated in the discussions. The findings have not been independently verified. The plan is subject to approval by the governing board.",FAKE
Self-Proclaimed Expert Charges Sinkholes Are Undisclosed Administration Tunnels,"A self-proclaimed expert allegations that the mysterious sinkholes appearing across the country are actually secret tunnels being built by the administration According to undisclosed informants the tunnels connect underground military bases. Contacts say the tunnels are part of a plan to relocate the wealthy. Conventional geologists say the sinkholes are natural, but insiders insist the actual events is being hidden The report recommends further study of the issue. Officials declined to comment further.",FAKE
